ID,ジャンル,お題,作品,代表作,肩書き,補助情報
1,旅行＆スポット,東京,,,,
2,旅行＆スポット,横浜,,,,
3,旅行＆スポット,京都,,,,
4,旅行＆スポット,大阪,,,,
5,旅行＆スポット,神戸,,,,
6,旅行＆スポット,奈良,,,,
7,旅行＆スポット,鎌倉,,,,
8,旅行＆スポット,札幌,,,,
9,旅行＆スポット,函館,,,,
10,旅行＆スポット,小樽,,,,
11,旅行＆スポット,仙台,,,,
12,旅行＆スポット,金沢,,,,
13,旅行＆スポット,名古屋,,,,
14,旅行＆スポット,広島,,,,
15,旅行＆スポット,長崎,,,,
16,旅行＆スポット,福岡,,,,
17,旅行＆スポット,博多,,,,
18,旅行＆スポット,熊本,,,,
19,旅行＆スポット,鹿児島,,,,
20,旅行＆スポット,那覇,,,,
21,旅行＆スポット,富士山,,,,
22,旅行＆スポット,東京タワー,,,,
23,旅行＆スポット,東京スカイツリー,,,,
24,旅行＆スポット,浅草寺,,,,
25,旅行＆スポット,明治神宮,,,,
26,旅行＆スポット,伊勢神宮,,,,
27,旅行＆スポット,出雲大社,,,,
28,旅行＆スポット,清水寺,,,,
29,旅行＆スポット,金閣寺,,,,
30,旅行＆スポット,銀閣寺,,,,
31,旅行＆スポット,東大寺,,,,
32,旅行＆スポット,法隆寺,,,,
33,旅行＆スポット,姫路城,,,,
34,旅行＆スポット,大阪城,,,,
35,旅行＆スポット,名古屋城,,,,
36,旅行＆スポット,熊本城,,,,
37,旅行＆スポット,松本城,,,,
38,旅行＆スポット,厳島神社,,,,
39,旅行＆スポット,道頓堀,,,,
40,旅行＆スポット,渋谷スクランブル交差点,,,,
41,旅行＆スポット,秋葉原,,,,
42,旅行＆スポット,原宿,,,,
43,旅行＆スポット,新宿,,,,
44,旅行＆スポット,池袋,,,,
45,旅行＆スポット,銀座,,,,
46,旅行＆スポット,六本木,,,,
47,旅行＆スポット,お台場,,,,
48,旅行＆スポット,横浜中華街,,,,
49,旅行＆スポット,みなとみらい,,,,
50,旅行＆スポット,江の島,,,,
51,旅行＆スポット,箱根,,,,
52,旅行＆スポット,熱海,,,,
53,旅行＆スポット,軽井沢,,,,
54,旅行＆スポット,白川郷,,,,
55,旅行＆スポット,高山,,,,
56,旅行＆スポット,嵐山,,,,
57,旅行＆スポット,祇園,,,,
58,旅行＆スポット,梅田,,,,
59,旅行＆スポット,心斎橋,,,,
60,旅行＆スポット,通天閣,,,,
61,旅行＆スポット,阿蘇山,,,,
62,旅行＆スポット,桜島,,,,
63,旅行＆スポット,屋久島,,,,
64,旅行＆スポット,種子島,,,,
65,旅行＆スポット,石垣島,,,,
66,旅行＆スポット,宮古島,,,,
67,旅行＆スポット,西表島,,,,
68,旅行＆スポット,知床,,,,
69,旅行＆スポット,摩周湖,,,,
70,旅行＆スポット,洞爺湖,,,,
71,旅行＆スポット,琵琶湖,,,,
72,旅行＆スポット,猪苗代湖,,,,
73,旅行＆スポット,中禅寺湖,,,,
74,旅行＆スポット,華厳の滝,,,,
75,旅行＆スポット,那智の滝,,,,
76,旅行＆スポット,鳥取砂丘,,,,
77,旅行＆スポット,天橋立,,,,
78,旅行＆スポット,松島,,,,
79,旅行＆スポット,宮島,,,,
80,旅行＆スポット,別府温泉,,,,
81,旅行＆スポット,草津温泉,,,,
82,旅行＆スポット,有馬温泉,,,,
83,旅行＆スポット,道後温泉,,,,
84,旅行＆スポット,黒川温泉,,,,
85,旅行＆スポット,湯布院,,,,
86,旅行＆スポット,成田空港,,,,
87,旅行＆スポット,羽田空港,,,,
88,旅行＆スポット,関西国際空港,,,,
89,旅行＆スポット,新千歳空港,,,,
90,旅行＆スポット,東京駅,,,,
91,旅行＆スポット,京都駅,,,,
92,旅行＆スポット,新大阪駅,,,,
93,旅行＆スポット,横浜駅,,,,
94,旅行＆スポット,上野駅,,,,
95,旅行＆スポット,品川駅,,,,
96,旅行＆スポット,東京ドーム,,,,
97,旅行＆スポット,甲子園球場,,,,
98,旅行＆スポット,国立競技場,,,,
99,旅行＆スポット,さいたまスーパーアリーナ,,,,
100,アニメ＆漫画,白雪姫,,,,
101,アニメ＆漫画,ピノキオ,,,,
102,アニメ＆漫画,ファンタジア,,,,
103,アニメ＆漫画,ダンボ,,,,
104,アニメ＆漫画,バンビ,,,,
105,アニメ＆漫画,シンデレラ,,,,
106,アニメ＆漫画,ふしぎの国のアリス,,,,
107,アニメ＆漫画,ピーター・パン,,,,
108,アニメ＆漫画,わんわん物語,,,,
109,アニメ＆漫画,眠れる森の美女,,,,
110,アニメ＆漫画,101匹わんちゃん,,,,
111,映画,メリー・ポピンズ,,,,
112,アニメ＆漫画,おしゃれキャット,,,,
113,アニメ＆漫画,ロビン・フッド,,,,
114,アニメ＆漫画,リトル・マーメイド,,,,
115,アニメ＆漫画,美女と野獣,,,,
116,アニメ＆漫画,アラジン,,,,
117,アニメ＆漫画,ライオン・キング,,,,
118,アニメ＆漫画,ポカホンタス,,,,
119,アニメ＆漫画,ノートルダムの鐘,,,,
120,アニメ＆漫画,ヘラクレス,,,,
121,アニメ＆漫画,ムーラン,,,,
122,アニメ＆漫画,ターザン,,,,
123,アニメ＆漫画,リロ・アンド・スティッチ,,,,
124,アニメ＆漫画,プリンセスと魔法のキス,,,,
125,アニメ＆漫画,塔の上のラプンツェル,,,,
126,アニメ＆漫画,シュガー・ラッシュ,,,,
127,アニメ＆漫画,アナと雪の女王,,,,
128,アニメ＆漫画,ベイマックス,,,,
129,アニメ＆漫画,ズートピア,,,,
130,アニメ＆漫画,モアナと伝説の海,,,,
131,アニメ＆漫画,ミラベルと魔法だらけの家,,,,
132,アニメ＆漫画,ラーヤと龍の王国,,,,
133,アニメ＆漫画,ウィッシュ,,,,
134,アニメ＆漫画,トイ・ストーリー,,,,
135,アニメ＆漫画,バグズ・ライフ,,,,
136,アニメ＆漫画,トイ・ストーリー2,,,,
137,アニメ＆漫画,モンスターズ・インク,,,,
138,アニメ＆漫画,ファインディング・ニモ,,,,
139,アニメ＆漫画,Mr.インクレディブル,,,,
140,アニメ＆漫画,カーズ,,,,
141,アニメ＆漫画,レミーのおいしいレストラン,,,,
142,アニメ＆漫画,WALL-E,,,,
143,アニメ＆漫画,カールじいさんの空飛ぶ家,,,,
144,アニメ＆漫画,トイ・ストーリー3,,,,
145,アニメ＆漫画,カーズ2,,,,
146,アニメ＆漫画,メリダとおそろしの森,,,,
147,アニメ＆漫画,モンスターズ・ユニバーシティ,,,,
148,アニメ＆漫画,インサイド・ヘッド,,,,
149,アニメ＆漫画,アーロと少年,,,,
150,アニメ＆漫画,ファインディング・ドリー,,,,
151,アニメ＆漫画,カーズ/クロスロード,,,,
152,アニメ＆漫画,リメンバー・ミー,,,,
153,アニメ＆漫画,インクレディブル・ファミリー,,,,
154,アニメ＆漫画,トイ・ストーリー4,,,,
155,アニメ＆漫画,2分の1の魔法,,,,
156,アニメ＆漫画,ソウルフル・ワールド,,,,
157,アニメ＆漫画,あの夏のルカ,,,,
158,アニメ＆漫画,私ときどきレッサーパンダ,,,,
159,アニメ＆漫画,バズ・ライトイヤー,,,,
160,アニメ＆漫画,マイ・エレメント,,,,
161,アニメ＆漫画,インサイド・ヘッド2,,,,
162,アニメ＆漫画,風の谷のナウシカ,,,,
163,アニメ＆漫画,天空の城ラピュタ,,,,分類：アニメ映画
164,アニメ＆漫画,となりのトトロ,,,,分類：アニメ映画
165,アニメ＆漫画,火垂るの墓,,,,
166,アニメ＆漫画,魔女の宅急便,,,,分類：アニメ映画
167,アニメ＆漫画,おもひでぽろぽろ,,,,
168,アニメ＆漫画,紅の豚,,,,
169,アニメ＆漫画,海がきこえる,,,,
170,アニメ＆漫画,平成狸合戦ぽんぽこ,,,,
171,アニメ＆漫画,耳をすませば,,,,
172,アニメ＆漫画,もののけ姫,,,,分類：アニメ映画
173,アニメ＆漫画,ホーホケキョとなりの山田くん,,,,
174,アニメ＆漫画,千と千尋の神隠し,,,,分類：アニメ映画
175,アニメ＆漫画,猫の恩返し,,,,
176,アニメ＆漫画,ハウルの動く城,,,,
177,アニメ＆漫画,ゲド戦記,,,,
178,アニメ＆漫画,崖の上のポニョ,,,,
179,アニメ＆漫画,借りぐらしのアリエッティ,,,,
180,アニメ＆漫画,コクリコ坂から,,,,
181,アニメ＆漫画,風立ちぬ,,,,
182,アニメ＆漫画,かぐや姫の物語,,,,
183,アニメ＆漫画,思い出のマーニー,,,,
184,アニメ＆漫画,アーヤと魔女,,,,
185,アニメ＆漫画,君たちはどう生きるか,,,,
186,アニメ＆漫画,ほしのこえ,,,,
187,アニメ＆漫画,雲のむこう、約束の場所,,,,
188,アニメ＆漫画,秒速5センチメートル,,,,
189,アニメ＆漫画,星を追う子ども,,,,
190,アニメ＆漫画,言の葉の庭,,,,
191,アニメ＆漫画,君の名は。,,,,
192,アニメ＆漫画,天気の子,,,,
193,アニメ＆漫画,すずめの戸締まり,,,,
194,アニメ＆漫画,時をかける少女,,,,
195,アニメ＆漫画,サマーウォーズ,,,,
196,アニメ＆漫画,おおかみこどもの雨と雪,,,,
197,アニメ＆漫画,バケモノの子,,,,
198,アニメ＆漫画,未来のミライ,,,,
199,アニメ＆漫画,竜とそばかすの姫,,,,
200,ゲーム,スーパーマリオブラザーズ,,,,分類：ゲーム
201,ゲーム,マリオカート,,,,分類：ゲーム
202,ゲーム,マリオパーティ,,,,
203,ゲーム,スーパーマリオ64,,,,
204,ゲーム,スーパーマリオオデッセイ,,,,
205,ゲーム,ルイージマンション,,,,
206,ゲーム,ドンキーコング,,,,
207,ゲーム,星のカービィ,,,,
208,ゲーム,ゼルダの伝説,,,,
209,ゲーム,ブレスオブザワイルド,,,,
210,ゲーム,ティアーズオブザキングダム,,,,
211,ゲーム,スプラトゥーン,,,,
212,ゲーム,どうぶつの森,,,,分類：ゲームシリーズ
213,ゲーム,大乱闘スマッシュブラザーズ,,,,
214,ゲーム,ピクミン,,,,
215,ゲーム,メトロイド,,,,
216,ゲーム,ファイアーエムブレム,,,,
217,ゲーム,ポケットモンスター赤・緑,,,,
218,ゲーム,ポケットモンスター金・銀,,,,
219,ゲーム,ポケットモンスターソード・シールド,,,,
220,ゲーム,ポケットモンスタースカーレット・バイオレット,,,,
221,ゲーム,ポケモンGO,,,,
222,ゲーム,ドラゴンクエスト,,,,分類：ゲームシリーズ
223,ゲーム,ファイナルファンタジー,,,,分類：ゲームシリーズ
224,ゲーム,クロノ・トリガー,,,,
225,ゲーム,キングダムハーツ,,,,
226,ゲーム,モンスターハンター,,,,分類：ゲームシリーズ
227,ゲーム,バイオハザード,,,,
228,ゲーム,ストリートファイター,,,,
229,ゲーム,ロックマン,,,,
230,ゲーム,逆転裁判,,,,
231,ゲーム,鬼武者,,,,
232,ゲーム,デビルメイクライ,,,,
233,ゲーム,メタルギアソリッド,,,,
234,ゲーム,サイレントヒル,,,,
235,ゲーム,龍が如く,,,,
236,ゲーム,ペルソナ,,,,
237,ゲーム,女神転生,,,,
238,ゲーム,テイルズオブシリーズ,,,,
239,ゲーム,ぷよぷよ,,,,分類：ゲーム
240,ゲーム,ソニック・ザ・ヘッジホッグ,,,,
241,ゲーム,シェンムー,,,,
242,ゲーム,サクラ大戦,,,,
243,ゲーム,マインクラフト,,,,
244,ゲーム,フォートナイト,,,,
245,ゲーム,ApexLegends,,,,
246,ゲーム,VALORANT,,,,
247,ゲーム,LeagueofLegends,,,,
248,ゲーム,Overwatch,,,,
249,ゲーム,PUBG,,,,
250,ゲーム,AmongUs,,,,
251,旅行＆スポット,ニューヨーク,,,,
252,旅行＆スポット,ロサンゼルス,,,,
253,旅行＆スポット,サンフランシスコ,,,,
254,旅行＆スポット,ラスベガス,,,,
255,旅行＆スポット,シカゴ,,,,
256,旅行＆スポット,ボストン,,,,
257,旅行＆スポット,ワシントンD.C.,,,,
258,旅行＆スポット,ホノルル,,,,
259,旅行＆スポット,パリ,,,,
260,旅行＆スポット,ロンドン,,,,
261,旅行＆スポット,ローマ,,,,
262,旅行＆スポット,ミラノ,,,,
263,旅行＆スポット,ベネチア,,,,
264,旅行＆スポット,バルセロナ,,,,
265,旅行＆スポット,マドリード,,,,
266,旅行＆スポット,ベルリン,,,,
267,旅行＆スポット,ミュンヘン,,,,
268,旅行＆スポット,ウィーン,,,,
269,旅行＆スポット,プラハ,,,,
270,旅行＆スポット,アムステルダム,,,,
271,旅行＆スポット,ブリュッセル,,,,
272,旅行＆スポット,アテネ,,,,
273,旅行＆スポット,イスタンブール,,,,
274,旅行＆スポット,カイロ,,,,
275,旅行＆スポット,ドバイ,,,,
276,旅行＆スポット,バンコク,,,,
277,旅行＆スポット,シンガポール,,,,
278,旅行＆スポット,ソウル,,,,
279,旅行＆スポット,北京,,,,
280,旅行＆スポット,上海,,,,
281,旅行＆スポット,香港,,,,
282,旅行＆スポット,台北,,,,
283,旅行＆スポット,シドニー,,,,
284,旅行＆スポット,メルボルン,,,,
285,旅行＆スポット,オークランド,,,,
286,旅行＆スポット,バンクーバー,,,,
287,旅行＆スポット,トロント,,,,
288,旅行＆スポット,リオデジャネイロ,,,,
289,旅行＆スポット,サンパウロ,,,,
290,旅行＆スポット,ブエノスアイレス,,,,
291,旅行＆スポット,エッフェル塔,,,,
292,旅行＆スポット,凱旋門,,,,
293,旅行＆スポット,ルーブル美術館,,,,
294,旅行＆スポット,ノートルダム大聖堂,,,,
295,旅行＆スポット,ビッグ・ベン,,,,
296,旅行＆スポット,バッキンガム宮殿,,,,
297,旅行＆スポット,コロッセオ,,,,
298,旅行＆スポット,バチカン市国,,,,
299,旅行＆スポット,サグラダ・ファミリア,,,,
300,旅行＆スポット,アルハンブラ宮殿,,,,
301,旅行＆スポット,パルテノン神殿,,,,
302,旅行＆スポット,ピラミッド,,,,
303,旅行＆スポット,スフィンクス,,,,
304,旅行＆スポット,タージ・マハル,,,,
305,旅行＆スポット,万里の長城,,,,
306,旅行＆スポット,故宮,,,,
307,旅行＆スポット,アンコール・ワット,,,,
308,旅行＆スポット,マリーナベイ・サンズ,,,,
309,旅行＆スポット,オペラハウス,,,,
310,旅行＆スポット,自由の女神,,,,
311,旅行＆スポット,エンパイア・ステート・ビル,,,,
312,旅行＆スポット,グランドキャニオン,,,,
313,旅行＆スポット,ナイアガラの滝,,,,
314,旅行＆スポット,イグアスの滝,,,,
315,旅行＆スポット,ウユニ塩湖,,,,
316,旅行＆スポット,マチュピチュ,,,,
317,旅行＆スポット,ガラパゴス諸島,,,,
318,旅行＆スポット,エベレスト,,,,
319,旅行＆スポット,キリマンジャロ,,,,
320,旅行＆スポット,サハラ砂漠,,,,
321,旅行＆スポット,アマゾン川,,,,
322,旅行＆スポット,ナイル川,,,,
323,旅行＆スポット,ドナウ川,,,,
324,旅行＆スポット,地中海,,,,
325,旅行＆スポット,カリブ海,,,,
326,旅行＆スポット,ハワイ島,,,,
327,旅行＆スポット,グアム島,,,,
328,旅行＆スポット,バリ島,,,,
329,旅行＆スポット,モルディブ,,,,
330,旅行＆スポット,セブ島,,,,
331,映画,スター・ウォーズ,,,,
332,映画,ジョーズ,,,,
333,映画,E.T.,,,,
334,映画,ジュラシック・パーク,,,,分類：映画
335,映画,ジュラシック・ワールド,,,,
336,映画,バック・トゥ・ザ・フューチャー,,,,分類：映画
337,映画,インディ・ジョーンズ,,,,
338,映画,タイタニック,,,,分類：映画
339,映画,アバター,,,,
340,映画,ターミネーター,,,,
341,映画,エイリアン,,,,
342,映画,プレデター,,,,
343,映画,ロッキー,,,,
344,映画,ランボー,,,,
345,映画,トップガン,,,,
346,映画,ミッション：インポッシブル,,,,
347,映画,マトリックス,,,,
348,映画,ダイ・ハード,,,,
349,映画,ゴーストバスターズ,,,,
350,映画,グーニーズ,,,,
351,映画,ハリー・ポッター,,,,分類：映画シリーズ
352,映画,ファンタスティック・ビースト,,,,
353,映画,ロード・オブ・ザ・リング,,,,
354,映画,ホビット,,,,
355,映画,パイレーツ・オブ・カリビアン,,,,
356,映画,ナルニア国物語,,,,
357,映画,トランスフォーマー,,,,
358,映画,ワイルド・スピード,,,,
359,映画,メン・イン・ブラック,,,,
360,映画,キングスマン,,,,
361,映画,オーシャンズ11,,,,
362,映画,グラディエーター,,,,
363,映画,フォレスト・ガンプ,,,,
364,映画,ショーシャンクの空に,,,,
365,映画,グリーンマイル,,,,
366,映画,ホーム・アローン,,,,分類：映画
367,映画,シザーハンズ,,,,
368,映画,チャーリーとチョコレート工場,,,,
369,映画,アベンジャーズ,,,,
370,映画,アイアンマン,,,,
371,映画,キャプテン・アメリカ,,,,
372,映画,マイティ・ソー,,,,
373,映画,スパイダーマン,,,,
374,映画,ブラックパンサー,,,,
375,映画,ドクター・ストレンジ,,,,
376,映画,ガーディアンズ・オブ・ギャラクシー,,,,
377,映画,デッドプール,,,,
378,映画,バットマン,,,,
379,映画,スーパーマン,,,,
380,映画,ジョーカー,,,,
381,映画,ワンダーウーマン,,,,
382,映画,アクアマン,,,,
383,映画,007,,,,
384,映画,ゴッドファーザー,,,,
385,映画,羊たちの沈黙,,,,
386,映画,レオン,,,,
387,映画,シックス・センス,,,,
388,映画,インセプション,,,,
389,映画,インターステラー,,,,
390,映画,ラ・ラ・ランド,,,,
391,映画,ボヘミアン・ラプソディ,,,,
392,映画,グレイテスト・ショーマン,,,,
393,映画,プラダを着た悪魔,,,,
394,映画,ノッティングヒル,,,,
395,映画,ローマの休日,,,,
396,映画,サウンド・オブ・ミュージック,,,,
397,旅行＆スポット,渋谷駅,,,,
398,旅行＆スポット,新宿駅,,,,
399,旅行＆スポット,池袋駅,,,,
400,旅行＆スポット,秋葉原駅,,,,
401,旅行＆スポット,原宿駅,,,,
402,旅行＆スポット,浅草駅,,,,
403,旅行＆スポット,鎌倉駅,,,,
404,旅行＆スポット,小田原駅,,,,
405,旅行＆スポット,熱海駅,,,,
406,旅行＆スポット,名古屋駅,,,,
407,旅行＆スポット,金沢駅,,,,
408,旅行＆スポット,札幌駅,,,,
409,旅行＆スポット,函館駅,,,,
410,旅行＆スポット,仙台駅,,,,
411,旅行＆スポット,博多駅,,,,
412,旅行＆スポット,長崎駅,,,,
413,旅行＆スポット,熊本駅,,,,
414,旅行＆スポット,鹿児島中央駅,,,,
415,旅行＆スポット,那覇空港,,,,
416,旅行＆スポット,首里城,,,,
417,旅行＆スポット,雷門,,,,
418,旅行＆スポット,上野動物園,,,,
419,旅行＆スポット,新宿御苑,,,,
420,旅行＆スポット,代々木公園,,,,
421,旅行＆スポット,皇居,,,,
422,旅行＆スポット,日本武道館,,,,
423,旅行＆スポット,横浜赤レンガ倉庫,,,,
424,旅行＆スポット,山下公園,,,,
425,旅行＆スポット,鶴岡八幡宮,,,,
426,旅行＆スポット,箱根神社,,,,
427,旅行＆スポット,芦ノ湖,,,,
428,旅行＆スポット,河口湖,,,,
429,旅行＆スポット,忍野八海,,,,
430,旅行＆スポット,善光寺,,,,
431,旅行＆スポット,兼六園,,,,
432,旅行＆スポット,東尋坊,,,,
433,旅行＆スポット,永平寺,,,,
434,旅行＆スポット,彦根城,,,,
435,旅行＆スポット,伏見稲荷大社,,,,
436,旅行＆スポット,平等院,,,,
437,旅行＆スポット,龍安寺,,,,
438,旅行＆スポット,二条城,,,,
439,旅行＆スポット,京都御所,,,,
440,旅行＆スポット,渡月橋,,,,
441,旅行＆スポット,竹林の小径,,,,
442,旅行＆スポット,奈良公園,,,,
443,旅行＆スポット,春日大社,,,,
444,旅行＆スポット,大阪城公園,,,,
445,旅行＆スポット,海遊館,,,,
446,旅行＆スポット,あべのハルカス,,,,
447,旅行＆スポット,神戸ポートタワー,,,,
448,旅行＆スポット,姫路セントラルパーク,,,,
449,旅行＆スポット,倉敷美観地区,,,,
450,旅行＆スポット,原爆ドーム,,,,
451,旅行＆スポット,平和記念公園,,,,
452,旅行＆スポット,秋芳洞,,,,
453,旅行＆スポット,太宰府天満宮,,,,
454,旅行＆スポット,ハウステンボス,,,,
455,場所・施設,海,,,,
456,場所・施設,プール,,,,
457,場所・施設,山,,,,
458,場所・施設,川,,,,
459,場所・施設,湖,,,,
460,場所・施設,滝,,,,
461,場所・施設,森,,,,
462,場所・施設,ジャングル,,,,
463,場所・施設,砂漠,,,,
464,場所・施設,島,,,,
465,場所・施設,海岸,,,,
466,場所・施設,砂浜,,,,
467,場所・施設,温泉,,,,
468,場所・施設,公園,,,,
469,場所・施設,遊園地,,,,
470,場所・施設,動物園,,,,
471,場所・施設,水族館,,,,
472,場所・施設,映画館,,,,
473,場所・施設,図書館,,,,
474,場所・施設,学校,,,,
475,場所・施設,病院,,,,
476,場所・施設,駅,,,,
477,場所・施設,空港,,,,
478,場所・施設,コンビニ,,,,
479,場所・施設,スーパー,,,,
480,場所・施設,デパート,,,,
481,場所・施設,レストラン,,,,
482,場所・施設,カフェ,,,,
483,場所・施設,ファミレス,,,,
484,場所・施設,居酒屋,,,,
485,場所・施設,ホテル,,,,
486,場所・施設,旅館,,,,
487,場所・施設,キャンプ場,,,,
488,場所・施設,神社,,,,
489,場所・施設,寺,,,,
490,場所・施設,城,,,,
491,場所・施設,教会,,,,
492,旅行＆スポット,北海道,,,,
493,旅行＆スポット,沖縄,,,,
494,旅行＆スポット,東京ディズニーランド,,,,
495,旅行＆スポット,東京ディズニーシー,,,,
496,旅行＆スポット,ユニバーサル・スタジオ・ジャパン,,,,
497,旅行＆スポット,渋谷,,,,
498,旅行＆スポット,浅草,,,,
499,旅行＆スポット,ハワイ,,,,
500,旅行＆スポット,グアム,,,,
501,有名人＆偉人,織田信長,,,戦国武将,
502,有名人＆偉人,豊臣秀吉,,,戦国武将,
503,有名人＆偉人,徳川家康,,,江戸幕府初代将軍,
504,有名人＆偉人,坂本龍馬,,,幕末の人物,
505,有名人＆偉人,西郷隆盛,,,明治維新の人物,
506,有名人＆偉人,勝海舟,,,幕末の人物,
507,有名人＆偉人,伊藤博文,,,,
508,有名人＆偉人,福沢諭吉,,,思想家・教育者,
509,有名人＆偉人,渋沢栄一,,,実業家,
510,有名人＆偉人,聖徳太子,,,飛鳥時代の政治家,
511,有名人＆偉人,卑弥呼,,,邪馬台国の女王,
512,有名人＆偉人,紫式部,,,作家・歌人,
513,有名人＆偉人,清少納言,,,作家・歌人,
514,有名人＆偉人,源頼朝,,,鎌倉幕府初代将軍,
515,有名人＆偉人,源義経,,,平安時代末期の武将,
516,有名人＆偉人,武田信玄,,,戦国武将,
517,有名人＆偉人,上杉謙信,,,戦国武将,
518,有名人＆偉人,伊達政宗,,,戦国武将,
519,有名人＆偉人,真田幸村,,,戦国武将,
520,有名人＆偉人,徳川吉宗,,,江戸幕府8代将軍,
521,有名人＆偉人,徳川慶喜,,,江戸幕府15代将軍,
522,有名人＆偉人,明智光秀,,,戦国武将,
523,有名人＆偉人,石田三成,,,,
524,有名人＆偉人,加藤清正,,,,
525,有名人＆偉人,宮本武蔵,,,剣豪,
526,有名人＆偉人,千利休,,,茶人,
527,有名人＆偉人,松尾芭蕉,,,俳人,
528,有名人＆偉人,野口英世,,,細菌学者,
529,有名人＆偉人,北里柴三郎,,,医学者・細菌学者,
530,有名人＆偉人,津田梅子,,,教育者,
531,有名人＆偉人,樋口一葉,,,小説家,
532,有名人＆偉人,夏目漱石,,,小説家,
533,有名人＆偉人,芥川龍之介,,,小説家,
534,有名人＆偉人,太宰治,,,小説家,
535,有名人＆偉人,宮沢賢治,,,詩人・童話作家,
536,有名人＆偉人,手塚治虫,,鉄腕アトム／ブラック・ジャック,,
537,有名人＆偉人,黒澤明,,,,
538,有名人＆偉人,本田宗一郎,,,,
539,有名人＆偉人,盛田昭夫,,,,
540,有名人＆偉人,安藤百福,,,,
541,有名人＆偉人,ナポレオン,,,フランス皇帝,
542,有名人＆偉人,クレオパトラ,,,古代エジプトの女王,
543,有名人＆偉人,カエサル,,,,
544,有名人＆偉人,アレクサンドロス大王,,,,
545,有名人＆偉人,ジャンヌ・ダルク,,,フランスの歴史人物,
546,有名人＆偉人,リンカーン,,,アメリカ大統領,
547,有名人＆偉人,ワシントン,,,,
548,有名人＆偉人,ガンジー,,,インド独立運動の指導者,
549,有名人＆偉人,ネルソン・マンデラ,,,,
550,有名人＆偉人,アインシュタイン,,,物理学者,
551,有名人＆偉人,ニュートン,,,物理学者・数学者,
552,有名人＆偉人,ガリレオ・ガリレイ,,,,
553,有名人＆偉人,ダーウィン,,,,
554,有名人＆偉人,エジソン,,,発明家,
555,有名人＆偉人,ニコラ・テスラ,,,,
556,有名人＆偉人,グラハム・ベル,,,,
557,有名人＆偉人,ライト兄弟,,,飛行機の発明者,
558,有名人＆偉人,マリー・キュリー,,,,
559,有名人＆偉人,ノーベル,,,,
560,有名人＆偉人,フローレンス・ナイチンゲール,,,,
561,有名人＆偉人,レオナルド・ダ・ヴィンチ,,,芸術家・発明家,
562,有名人＆偉人,ミケランジェロ,,,芸術家,
563,有名人＆偉人,ピカソ,,,画家,
564,有名人＆偉人,ゴッホ,,,画家,
565,有名人＆偉人,モネ,,,,
566,有名人＆偉人,レンブラント,,,,
567,有名人＆偉人,シェイクスピア,,,劇作家・詩人,
568,有名人＆偉人,ゲーテ,,,,
569,有名人＆偉人,トルストイ,,,,
570,有名人＆偉人,ドストエフスキー,,,,
571,音楽・アーティスト,ベートーヴェン,,,作曲家,
572,音楽・アーティスト,モーツァルト,,,作曲家,
573,音楽・アーティスト,バッハ,,,作曲家,
574,音楽・アーティスト,ショパン,,,作曲家,
575,有名人＆偉人,チャイコフスキー,,,,
576,有名人＆偉人,コペルニクス,,,天文学者,
577,有名人＆偉人,パスカル,,,,
578,有名人＆偉人,デカルト,,,,
579,有名人＆偉人,ソクラテス,,,,
580,有名人＆偉人,プラトン,,,,
581,有名人＆偉人,大谷翔平,,,野球選手,
582,有名人＆偉人,イチロー,,,元プロ野球選手,
583,有名人＆偉人,ダルビッシュ有,,,野球選手,
584,有名人＆偉人,松井秀喜,,,元プロ野球選手,
585,有名人＆偉人,王貞治,,,元プロ野球選手・監督,
586,有名人＆偉人,長嶋茂雄,,,元プロ野球選手・監督,
587,有名人＆偉人,山本由伸,,,,
588,有名人＆偉人,佐々木朗希,,,,
589,有名人＆偉人,鈴木誠也,,,,
590,有名人＆偉人,吉田正尚,,,,
591,有名人＆偉人,野茂英雄,,,元プロ野球選手,
592,有名人＆偉人,新庄剛志,,,,
593,有名人＆偉人,古田敦也,,,,
594,有名人＆偉人,清原和博,,,,
595,有名人＆偉人,落合博満,,,,
596,有名人＆偉人,栗山英樹,,,,
597,有名人＆偉人,村上宗隆,,,,
598,有名人＆偉人,岡本和真,,,,
599,有名人＆偉人,山田哲人,,,,
600,有名人＆偉人,近藤健介,,,,
601,有名人＆偉人,三浦知良,,,サッカー選手,
602,有名人＆偉人,本田圭佑,,,元サッカー選手,
603,有名人＆偉人,香川真司,,,サッカー選手,
604,有名人＆偉人,長友佑都,,,サッカー選手,
605,有名人＆偉人,遠藤保仁,,,,
606,有名人＆偉人,中田英寿,,,元サッカー選手,
607,有名人＆偉人,三笘薫,,,,
608,有名人＆偉人,久保建英,,,,
609,有名人＆偉人,冨安健洋,,,,
610,有名人＆偉人,澤穂希,,,,
611,有名人＆偉人,宮間あや,,,,
612,有名人＆偉人,長谷部誠,,,,
613,有名人＆偉人,内田篤人,,,,
614,有名人＆偉人,前田大然,,,,
615,有名人＆偉人,南野拓実,,,,
616,有名人＆偉人,羽生結弦,,,フィギュアスケーター,
617,有名人＆偉人,浅田真央,,,元フィギュアスケーター,
618,有名人＆偉人,宇野昌磨,,,,
619,有名人＆偉人,高橋大輔,,,,
620,有名人＆偉人,荒川静香,,,,
621,有名人＆偉人,鍵山優真,,,,
622,有名人＆偉人,紀平梨花,,,,
623,有名人＆偉人,石川佳純,,,,
624,有名人＆偉人,福原愛,,,,
625,有名人＆偉人,張本智和,,,,
626,有名人＆偉人,水谷隼,,,,
627,有名人＆偉人,伊藤美誠,,,,
628,有名人＆偉人,錦織圭,,,テニス選手,
629,有名人＆偉人,大坂なおみ,,,テニス選手,
630,有名人＆偉人,松山英樹,,,,
631,有名人＆偉人,石川遼,,,,
632,有名人＆偉人,渋野日向子,,,,
633,有名人＆偉人,畑岡奈紗,,,,
634,有名人＆偉人,北口榛花,,,,
635,有名人＆偉人,高橋尚子,,,,
636,有名人＆偉人,野口みずき,,,,
637,有名人＆偉人,室伏広治,,,,
638,有名人＆偉人,吉田沙保里,,,元レスリング選手,
639,有名人＆偉人,伊調馨,,,,
640,有名人＆偉人,内村航平,,,,
641,有名人＆偉人,橋本大輝,,,,
642,有名人＆偉人,池江璃花子,,,,
643,有名人＆偉人,北島康介,,,元競泳選手,
644,有名人＆偉人,八村塁,,,,
645,有名人＆偉人,渡邊雄太,,,,
646,有名人＆偉人,河村勇輝,,,,
647,有名人＆偉人,富樫勇樹,,,,
648,有名人＆偉人,五郎丸歩,,,,
649,有名人＆偉人,リーチマイケル,,,,
650,有名人＆偉人,稲垣啓太,,,,
651,有名人＆偉人,阿炎,,,,
652,有名人＆偉人,照ノ富士,,,,
653,有名人＆偉人,貴乃花,,,,
654,有名人＆偉人,千代の富士,,,,
655,有名人＆偉人,マイケル・ジョーダン,,,,
656,有名人＆偉人,レブロン・ジェームズ,,,,
657,有名人＆偉人,ステフィン・カリー,,,,
658,有名人＆偉人,タイガー・ウッズ,,,,
659,有名人＆偉人,ロジャー・フェデラー,,,,
660,有名人＆偉人,ラファエル・ナダル,,,,
661,有名人＆偉人,ノバク・ジョコビッチ,,,,
662,有名人＆偉人,セリーナ・ウィリアムズ,,,,
663,有名人＆偉人,ウサイン・ボルト,,,,
664,有名人＆偉人,マイケル・フェルプス,,,,
665,有名人＆偉人,リオネル・メッシ,,,,
666,有名人＆偉人,クリスティアーノ・ロナウド,,,,
667,有名人＆偉人,ネイマール,,,,
668,有名人＆偉人,キリアン・エムバペ,,,,
669,有名人＆偉人,デビッド・ベッカム,,,,
670,有名人＆偉人,ジネディーヌ・ジダン,,,,
671,有名人＆偉人,ディエゴ・マラドーナ,,,,
672,有名人＆偉人,ペレ,,,,
673,有名人＆偉人,モハメド・アリ,,,,
674,有名人＆偉人,マイク・タイソン,,,,
675,有名人＆偉人,明石家さんま,,,お笑い芸人・司会者,
676,有名人＆偉人,タモリ,,,タレント・司会者,
677,有名人＆偉人,ビートたけし,,,お笑い芸人・映画監督,
678,有名人＆偉人,所ジョージ,,,,肩書き：タレント・司会者
679,有名人＆偉人,内村光良,,,お笑い芸人・司会者,
680,有名人＆偉人,南原清隆,,,,
681,有名人＆偉人,松本人志,,,お笑い芸人,
682,有名人＆偉人,浜田雅功,,,お笑い芸人,
683,有名人＆偉人,有吉弘行,,,,肩書き：お笑いタレント・司会者
684,有名人＆偉人,上田晋也,,,,
685,有名人＆偉人,原田泰造,,,,
686,有名人＆偉人,堀内健,,,,
687,有名人＆偉人,出川哲朗,,,,肩書き：お笑いタレント
688,有名人＆偉人,今田耕司,,,,
689,有名人＆偉人,東野幸治,,,,
690,有名人＆偉人,千鳥,,,,
691,有名人＆偉人,かまいたち,,,,
692,有名人＆偉人,サンドウィッチマン,,,,肩書き：お笑いコンビ
693,有名人＆偉人,バナナマン,,,,
694,有名人＆偉人,博多華丸・大吉,,,,
695,有名人＆偉人,木村拓哉,,,俳優・歌手,
696,有名人＆偉人,草彅剛,,,,
697,有名人＆偉人,香取慎吾,,,,
698,有名人＆偉人,中居正広,,,,
699,有名人＆偉人,阿部寛,,,俳優,
700,有名人＆偉人,堺雅人,,,俳優,
701,有名人＆偉人,大泉洋,,,俳優・タレント,
702,有名人＆偉人,ムロツヨシ,,,,
703,有名人＆偉人,小栗旬,,,,
704,有名人＆偉人,菅田将暉,,,,
705,有名人＆偉人,山田孝之,,,,
706,有名人＆偉人,佐藤健,,,,
707,有名人＆偉人,松坂桃李,,,,
708,有名人＆偉人,山﨑賢人,,,,
709,有名人＆偉人,吉沢亮,,,,
710,有名人＆偉人,横浜流星,,,,
711,有名人＆偉人,鈴木亮平,,,,
712,有名人＆偉人,西島秀俊,,,,
713,音楽・アーティスト,福山雅治,,,俳優・歌手,
714,音楽・アーティスト,星野源,,,歌手・俳優,
715,有名人＆偉人,綾瀬はるか,,,俳優,
716,有名人＆偉人,新垣結衣,,,俳優,
717,有名人＆偉人,石原さとみ,,,俳優,
718,有名人＆偉人,長澤まさみ,,,俳優,
719,有名人＆偉人,北川景子,,,俳優,
720,有名人＆偉人,戸田恵梨香,,,,
721,有名人＆偉人,有村架純,,,,
722,有名人＆偉人,上白石萌音,,,,
723,有名人＆偉人,浜辺美波,,,,
724,有名人＆偉人,広瀬すず,,,,
725,有名人＆偉人,橋本環奈,,,,
726,有名人＆偉人,川口春奈,,,,
727,有名人＆偉人,永野芽郁,,,,
728,有名人＆偉人,吉岡里帆,,,,
729,有名人＆偉人,天海祐希,,,,
730,有名人＆偉人,柴咲コウ,,,,
731,有名人＆偉人,仲間由紀恵,,,,
732,有名人＆偉人,松嶋菜々子,,,,
733,有名人＆偉人,深津絵里,,,,
734,有名人＆偉人,小泉今日子,,,,
735,音楽・アーティスト,宇多田ヒカル,,,歌手,
736,音楽・アーティスト,浜崎あゆみ,,,歌手,
737,音楽・アーティスト,安室奈美恵,,,歌手,
738,音楽・アーティスト,MISIA,,,歌手,
739,音楽・アーティスト,aiko,,,歌手,
740,音楽・アーティスト,椎名林檎,,,歌手,
741,音楽・アーティスト,あいみょん,,,歌手,
742,音楽・アーティスト,米津玄師,,,歌手,
743,音楽・アーティスト,藤井風,,,歌手,
744,音楽・アーティスト,桑田佳祐,,,歌手,
745,音楽・アーティスト,矢沢永吉,,,歌手,
746,音楽・アーティスト,松任谷由実,,,歌手,
747,音楽・アーティスト,中島みゆき,,,歌手,
748,音楽・アーティスト,平井堅,,,歌手,
749,音楽・アーティスト,槇原敬之,,,歌手,
750,音楽・アーティスト,玉置浩二,,,歌手,
751,音楽・アーティスト,小田和正,,,歌手,
752,音楽・アーティスト,山下達郎,,,歌手,
753,有名人＆偉人,HIKAKIN,,,,
754,有名人＆偉人,はじめしゃちょー,,,,
755,有名人＆偉人,ヒカル,,,,
756,有名人＆偉人,東海オンエア,,,,
757,有名人＆偉人,フワちゃん,,,,
758,有名人＆偉人,渡辺直美,,,,
759,有名人＆偉人,ローラ,,,,
760,有名人＆偉人,マツコ・デラックス,,,,肩書き：タレント・司会者
761,有名人＆偉人,黒柳徹子,,,,肩書き：俳優・司会者
762,有名人＆偉人,芦田愛菜,,,,
763,有名人＆偉人,鈴木福,,,,
764,有名人＆偉人,藤井聡太,,,,
765,有名人＆偉人,羽生善治,,,,
766,音楽・アーティスト,Ado,,,歌手,
767,音楽・アーティスト,V6,,,音楽グループ・バンド,
768,音楽・アーティスト,KinKiKids,,,音楽グループ・バンド,
769,音楽・アーティスト,関ジャニ∞,,,音楽グループ・バンド,
770,音楽・アーティスト,モーニング娘。,,,音楽グループ・バンド,
771,音楽・アーティスト,SPEED,,,音楽グループ・バンド,
772,音楽・アーティスト,MAX,,,音楽グループ・バンド,
773,音楽・アーティスト,PUFFY,,,音楽グループ・バンド,
774,音楽・アーティスト,EveryLittleThing,,,音楽グループ・バンド,
775,音楽・アーティスト,globe,,,音楽グループ・バンド,
776,音楽・アーティスト,TRF,,,音楽グループ・バンド,
777,音楽・アーティスト,倉木麻衣,,,歌手,
778,音楽・アーティスト,大塚愛,,,歌手,
779,音楽・アーティスト,YUI,,,歌手,
780,音楽・アーティスト,倖田來未,,,歌手,
781,音楽・アーティスト,中島美嘉,,,歌手,
782,音楽・アーティスト,JUDYANDMARY,,,音楽グループ・バンド,
783,音楽・アーティスト,ポルノグラフィティ,,,音楽グループ・バンド,
784,音楽・アーティスト,ゆず,,,音楽グループ・バンド,
785,音楽・アーティスト,コブクロ,,,音楽グループ・バンド,
786,音楽・アーティスト,ORANGERANGE,,,音楽グループ・バンド,
787,音楽・アーティスト,ケツメイシ,,,音楽グループ・バンド,
788,音楽・アーティスト,湘南乃風,,,音楽グループ・バンド,
789,音楽・アーティスト,EXILE,,,音楽グループ・バンド,
790,音楽・アーティスト,GReeeeN,,,音楽グループ・バンド,
791,音楽・アーティスト,BUMPOFCHICKEN,,,音楽グループ・バンド,
792,有名人＆偉人,藤子・F・不二雄,,ドラえもん／キテレツ大百科,,
793,有名人＆偉人,藤子不二雄A,,忍者ハットリくん／怪物くん,,
794,有名人＆偉人,石ノ森章太郎,,サイボーグ009／仮面ライダー,,
795,有名人＆偉人,赤塚不二夫,,天才バカボン／おそ松くん,,
796,有名人＆偉人,水木しげる,,ゲゲゲの鬼太郎,,
797,有名人＆偉人,横山光輝,,,,
798,有名人＆偉人,さいとう・たかを,,,,
799,有名人＆偉人,ちばてつや,,,,
800,有名人＆偉人,永井豪,,デビルマン／マジンガーZ,,
801,有名人＆偉人,松本零士,,銀河鉄道999／宇宙海賊キャプテンハーロック,,
802,有名人＆偉人,モンキー・パンチ,,,,
803,有名人＆偉人,池田理代子,,ベルサイユのばら,,
804,有名人＆偉人,萩尾望都,,ポーの一族,,
805,有名人＆偉人,竹宮惠子,,風と木の詩,,
806,有名人＆偉人,高橋留美子,,うる星やつら／らんま1/2／犬夜叉,,
807,有名人＆偉人,あだち充,,タッチ／H2,,
808,有名人＆偉人,鳥山明,,ドラゴンボール／Dr.スランプ,,
809,有名人＆偉人,原哲夫,,北斗の拳,,
810,有名人＆偉人,北条司,,シティーハンター／キャッツ・アイ,,
811,有名人＆偉人,車田正美,,聖闘士星矢,,
812,有名人＆偉人,ゆでたまご,,キン肉マン,,
813,有名人＆偉人,荒木飛呂彦,,ジョジョの奇妙な冒険,,
814,有名人＆偉人,井上雄彦,,SLAM DUNK／バガボンド,,
815,有名人＆偉人,冨樫義博,,幽☆遊☆白書／HUNTER×HUNTER,,
816,有名人＆偉人,和月伸宏,,るろうに剣心,,
817,有名人＆偉人,尾田栄一郎,,ONE PIECE,,
818,有名人＆偉人,岸本斉史,,NARUTO,,
819,有名人＆偉人,久保帯人,,BLEACH,,
820,有名人＆偉人,青山剛昌,,名探偵コナン,,
821,有名人＆偉人,浦沢直樹,,YAWARA!／MONSTER／20世紀少年,,
822,有名人＆偉人,福本伸行,,賭博黙示録カイジ／アカギ,,
823,有名人＆偉人,森川ジョージ,,はじめの一歩,,
824,有名人＆偉人,板垣恵介,,グラップラー刃牙,,
825,有名人＆偉人,原泰久,,,,
826,有名人＆偉人,空知英秋,,銀魂,,
827,有名人＆偉人,真島ヒロ,,FAIRY TAIL／RAVE,,
828,有名人＆偉人,諫山創,,進撃の巨人,,
829,有名人＆偉人,吾峠呼世晴,,鬼滅の刃,,
830,有名人＆偉人,芥見下々,,呪術廻戦,,
831,有名人＆偉人,堀越耕平,,僕のヒーローアカデミア,,
832,有名人＆偉人,古舘春一,,ハイキュー!!,,
833,有名人＆偉人,松井優征,,暗殺教室／魔人探偵脳噛ネウロ,,
834,有名人＆偉人,大場つぐみ,,DEATH NOTE／バクマン。,,
835,有名人＆偉人,小畑健,,ヒカルの碁／DEATH NOTE／バクマン。,,
836,有名人＆偉人,稲垣理一郎,,アイシールド21／Dr.STONE,,
837,有名人＆偉人,村田雄介,,アイシールド21／ワンパンマン,,
838,有名人＆偉人,ONE,,ワンパンマン／モブサイコ100,,
839,有名人＆偉人,藤本タツキ,,チェンソーマン,,
840,有名人＆偉人,遠藤達哉,,SPY×FAMILY,,
841,有名人＆偉人,赤坂アカ,,,,
842,有名人＆偉人,横槍メンゴ,,,,
843,有名人＆偉人,山田鐘人,,葬送のフリーレン,,
844,有名人＆偉人,アベツカサ,,葬送のフリーレン,,
845,有名人＆偉人,日向夏,,薬屋のひとりごと,,
846,有名人＆偉人,ねこクラゲ,,薬屋のひとりごと,,
847,有名人＆偉人,大久保篤,,ソウルイーター／炎炎ノ消防隊,,
848,有名人＆偉人,鈴木央,,七つの大罪,,
849,有名人＆偉人,雷句誠,,,,
850,有名人＆偉人,武井宏之,,,,
851,アニメ＆漫画,ONEPIECE,,,,
852,アニメ＆漫画,ドラゴンボール,,,,
853,アニメ＆漫画,NARUTO,,,,
854,アニメ＆漫画,BLEACH,,,,
855,アニメ＆漫画,鬼滅の刃,,,,
856,アニメ＆漫画,呪術廻戦,,,,
857,アニメ＆漫画,僕のヒーローアカデミア,,,,
858,アニメ＆漫画,進撃の巨人,,,,
859,アニメ＆漫画,鋼の錬金術師,,,,
860,アニメ＆漫画,HUNTER×HUNTER,,,,
861,アニメ＆漫画,幽☆遊☆白書,,,,
862,アニメ＆漫画,SLAMDUNK,,,,
863,アニメ＆漫画,ハイキュー!!,,,,
864,アニメ＆漫画,黒子のバスケ,,,,
865,アニメ＆漫画,テニスの王子様,,,,
866,アニメ＆漫画,キャプテン翼,,,,
867,アニメ＆漫画,キングダム,,,,
868,アニメ＆漫画,ゴールデンカムイ,,,,
869,アニメ＆漫画,宇宙兄弟,,,,
870,アニメ＆漫画,DEATHNOTE,,,,
871,アニメ＆漫画,名探偵コナン,,,,
872,アニメ＆漫画,金田一少年の事件簿,,,,
873,アニメ＆漫画,犬夜叉,犬夜叉,,,
874,アニメ＆漫画,らんま1/2,,,,
875,アニメ＆漫画,うる星やつら,,,,
876,アニメ＆漫画,めぞん一刻,,,,
877,アニメ＆漫画,タッチ,,,,
878,アニメ＆漫画,H2,,,,
879,アニメ＆漫画,MAJOR,,,,
880,アニメ＆漫画,ドカベン,,,,
881,アニメ＆漫画,巨人の星,,,,
882,アニメ＆漫画,あしたのジョー,,,,
883,アニメ＆漫画,はじめの一歩,,,,
884,アニメ＆漫画,北斗の拳,,,,
885,アニメ＆漫画,キン肉マン,キン肉マン,,,
886,アニメ＆漫画,聖闘士星矢,,,,
887,アニメ＆漫画,銀魂,,,,
888,アニメ＆漫画,るろうに剣心,,,,
889,アニメ＆漫画,Dr.STONE,,,,
890,アニメ＆漫画,ドラえもん,ドラえもん,,,
891,アニメ＆漫画,クレヨンしんちゃん,クレヨンしんちゃん,,,
892,アニメ＆漫画,ちびまる子ちゃん,ちびまる子ちゃん,,,
893,アニメ＆漫画,サザエさん,,,,
894,アニメ＆漫画,アンパンマン,アンパンマン,,,
895,アニメ＆漫画,ポケットモンスター,,,,
896,アニメ＆漫画,デジモンアドベンチャー,,,,
897,アニメ＆漫画,妖怪ウォッチ,,,,
898,アニメ＆漫画,ケロロ軍曹,ケロロ軍曹,,,
899,アニメ＆漫画,おじゃる丸,,,,
900,アニメ＆漫画,忍たま乱太郎,,,,
901,アニメ＆漫画,美少女戦士セーラームーン,,,,
902,アニメ＆漫画,カードキャプターさくら,,,,
903,アニメ＆漫画,プリキュア,,,,
904,アニメ＆漫画,新世紀エヴァンゲリオン,,,,
905,アニメ＆漫画,機動戦士ガンダム,,,,
906,アニメ＆漫画,コードギアス,,,,
907,アニメ＆漫画,天元突破グレンラガン,,,,
908,アニメ＆漫画,魔法少女まどか☆マギカ,,,,
909,アニメ＆漫画,涼宮ハルヒの憂鬱,,,,
910,アニメ＆漫画,けいおん!,,,,
911,アニメ＆漫画,ラブライブ!,,,,
912,アニメ＆漫画,ぼっち・ざ・ろっく!,,,,
913,アニメ＆漫画,SPY×FAMILY,,,,
914,アニメ＆漫画,葬送のフリーレン,,,,
915,アニメ＆漫画,薬屋のひとりごと,,,,
916,アニメ＆漫画,推しの子,,,,
917,アニメ＆漫画,チェンソーマン,,,,
918,アニメ＆漫画,東京卍リベンジャーズ,,,,
919,アニメ＆漫画,ブルーロック,,,,
920,アニメ＆漫画,怪獣8号,,,,
921,アニメ＆漫画,ダンダダン,,,,
922,アニメ＆漫画,五等分の花嫁,,,,
923,アニメ＆漫画,かぐや様は告らせたい,,,,
924,アニメ＆漫画,古見さんは、コミュ症です。,,,,
925,アニメ＆漫画,四月は君の嘘,,,,
926,アニメ＆漫画,ちはやふる,,,,
927,アニメ＆漫画,のだめカンタービレ,,,,
928,アニメ＆漫画,花より男子,,,,
929,アニメ＆漫画,銀の匙,,,,
930,アニメ＆漫画,約束のネバーランド,,,,
931,アニメ＆漫画,暗殺教室,,,,
932,アニメ＆漫画,食戟のソーマ,,,,
933,アニメ＆漫画,アイシールド21,,,,
934,アニメ＆漫画,シャーマンキング,,,,
935,アニメ＆漫画,金色のガッシュ!!,,,,
936,アニメ＆漫画,FAIRYTAIL,,,,
937,アニメ＆漫画,七つの大罪,,,,
938,アニメ＆漫画,炎炎ノ消防隊,,,,
939,アニメ＆漫画,ソードアート・オンライン,,,,
940,アニメ＆漫画,Re:ゼロから始める異世界生活,,,,
941,アニメ＆漫画,転生したらスライムだった件,,,,
942,アニメ＆漫画,無職転生,,,,
943,アニメ＆漫画,オーバーロード,,,,
944,アニメ＆漫画,この素晴らしい世界に祝福を!,,,,
945,アニメ＆漫画,ピカチュウ,ポケットモンスター,,,
946,アニメ＆漫画,イーブイ,ポケットモンスター,,,
947,アニメ＆漫画,リザードン,ポケットモンスター,,,
948,アニメ＆漫画,ミュウツー,ポケットモンスター,,,
949,アニメ＆漫画,カビゴン,ポケットモンスター,,,
950,アニメ＆漫画,のび太,ドラえもん,,,
951,アニメ＆漫画,しずかちゃん,ドラえもん,,,
952,アニメ＆漫画,ジャイアン,ドラえもん,,,
953,アニメ＆漫画,スネ夫,ドラえもん,,,
954,アニメ＆漫画,孫悟空,ドラゴンボール,,,
955,アニメ＆漫画,ベジータ,ドラゴンボール,,,
956,アニメ＆漫画,ルフィ,ONE PIECE,,,
957,アニメ＆漫画,ゾロ,ONE PIECE,,,
958,アニメ＆漫画,ナミ,ONE PIECE,,,
959,アニメ＆漫画,チョッパー,ONE PIECE,,,
960,アニメ＆漫画,怪盗キッド,名探偵コナン,,,
961,アニメ＆漫画,野比のび太,ドラえもん,,,
962,アニメ＆漫画,源静香,ドラえもん,,,
963,アニメ＆漫画,剛田武,ドラえもん,,,
964,アニメ＆漫画,骨川スネ夫,ドラえもん,,,
965,アニメ＆漫画,ドラミ,ドラえもん,,,
966,アニメ＆漫画,出木杉英才,ドラえもん,,,
967,アニメ＆漫画,野比玉子,ドラえもん,,,
968,アニメ＆漫画,野比のび助,ドラえもん,,,
969,アニメ＆漫画,先生,ドラえもん,,,
970,アニメ＆漫画,ジャイ子,ドラえもん,,,
971,アニメ＆漫画,ミニドラ,ドラえもん,,,
972,アニメ＆漫画,江戸川コナン,名探偵コナン,,,
973,アニメ＆漫画,工藤新一,名探偵コナン,,,
974,アニメ＆漫画,毛利蘭,名探偵コナン,,,
975,アニメ＆漫画,毛利小五郎,名探偵コナン,,,
976,アニメ＆漫画,灰原哀,名探偵コナン,,,
977,アニメ＆漫画,阿笠博士,名探偵コナン,,,
978,アニメ＆漫画,服部平次,名探偵コナン,,,
979,アニメ＆漫画,遠山和葉,名探偵コナン,,,
980,アニメ＆漫画,鈴木園子,名探偵コナン,,,
981,アニメ＆漫画,赤井秀一,名探偵コナン,,,
982,アニメ＆漫画,安室透,名探偵コナン,,,
983,アニメ＆漫画,ジン,名探偵コナン,,,
984,アニメ＆漫画,ウォッカ,名探偵コナン,,,
985,アニメ＆漫画,吉田歩美,名探偵コナン,,,
986,アニメ＆漫画,小嶋元太,名探偵コナン,,,
987,アニメ＆漫画,円谷光彦,名探偵コナン,,,
988,アニメ＆漫画,モンキー・D・ルフィ,ONE PIECE,,,
989,アニメ＆漫画,ロロノア・ゾロ,ONE PIECE,,,
990,アニメ＆漫画,ウソップ,ONE PIECE,,,
991,アニメ＆漫画,サンジ,ONE PIECE,,,
992,アニメ＆漫画,トニートニー・チョッパー,ONE PIECE,,,
993,アニメ＆漫画,ニコ・ロビン,ONE PIECE,,,
994,アニメ＆漫画,フランキー,ONE PIECE,,,
995,アニメ＆漫画,ブルック,ONE PIECE,,,
996,アニメ＆漫画,ジンベエ,ONE PIECE,,,
997,アニメ＆漫画,シャンクス,ONE PIECE,,,
998,アニメ＆漫画,ポートガス・D・エース,ONE PIECE,,,
999,アニメ＆漫画,サボ,ONE PIECE,,,
1000,アニメ＆漫画,トラファルガー・ロー,ONE PIECE,,,
1001,アニメ＆漫画,ボア・ハンコック,ONE PIECE,,,
1002,アニメ＆漫画,バギー,ONE PIECE,,,
1003,アニメ＆漫画,クロコダイル,ONE PIECE,,,
1004,アニメ＆漫画,ミホーク,ONE PIECE,,,
1005,アニメ＆漫画,カイドウ,ONE PIECE,,,
1006,アニメ＆漫画,ビッグ・マム,ONE PIECE,,,
1007,アニメ＆漫画,孫悟飯,ドラゴンボール,,,
1008,アニメ＆漫画,ピッコロ,ドラゴンボール,,,
1009,アニメ＆漫画,クリリン,ドラゴンボール,,,
1010,アニメ＆漫画,ブルマ,ドラゴンボール,,,
1011,アニメ＆漫画,トランクス,ドラゴンボール,,,
1012,アニメ＆漫画,孫悟天,ドラゴンボール,,,
1013,アニメ＆漫画,フリーザ,ドラゴンボール,,,
1014,アニメ＆漫画,セル,ドラゴンボール,,,
1015,アニメ＆漫画,魔人ブウ,ドラゴンボール,,,
1016,アニメ＆漫画,亀仙人,ドラゴンボール,,,
1017,アニメ＆漫画,ヤムチャ,ドラゴンボール,,,
1018,アニメ＆漫画,天津飯,ドラゴンボール,,,
1019,アニメ＆漫画,チャオズ,ドラゴンボール,,,
1020,アニメ＆漫画,人造人間18号,ドラゴンボール,,,
1021,アニメ＆漫画,ビーデル,ドラゴンボール,,,
1022,アニメ＆漫画,ミスター・サタン,ドラゴンボール,,,
1023,アニメ＆漫画,神龍,ドラゴンボール,,,
1024,アニメ＆漫画,フシギダネ,ポケットモンスター,,,
1025,アニメ＆漫画,ヒトカゲ,ポケットモンスター,,,
1026,アニメ＆漫画,ゼニガメ,ポケットモンスター,,,
1027,アニメ＆漫画,ミュウ,ポケットモンスター,,,
1028,アニメ＆漫画,ニャース,ポケットモンスター,,,
1029,アニメ＆漫画,コダック,ポケットモンスター,,,
1030,アニメ＆漫画,ゲンガー,ポケットモンスター,,,
1031,アニメ＆漫画,ルカリオ,ポケットモンスター,,,
1032,アニメ＆漫画,ポッチャマ,ポケットモンスター,,,
1033,アニメ＆漫画,メタモン,ポケットモンスター,,,
1034,アニメ＆漫画,トゲピー,ポケットモンスター,,,
1035,アニメ＆漫画,ラプラス,ポケットモンスター,,,
1036,アニメ＆漫画,ギャラドス,ポケットモンスター,,,
1037,アニメ＆漫画,コイキング,ポケットモンスター,,,
1038,アニメ＆漫画,サトシ,ポケットモンスター,,,
1039,アニメ＆漫画,カスミ,ポケットモンスター,,,
1040,アニメ＆漫画,タケシ,ポケットモンスター,,,
1041,アニメ＆漫画,ロケット団,ポケットモンスター,,,
1042,アニメ＆漫画,GTO,,,,
1043,アニメ＆漫画,おジャ魔女どれみ,,,,
1044,アニメ＆漫画,NANA,,,,
1045,アニメ＆漫画,ヒカルの碁,,,,
1046,アニメ＆漫画,家庭教師ヒットマンREBORN!,,,,
1047,アニメ＆漫画,D.Gray-man,,,,
1048,アニメ＆漫画,黒執事,,,,
1049,アニメ＆漫画,とらドラ!,,,,
1050,アニメ＆漫画,魔法少女まどか☆マギ,,,,
1051,アニメ＆漫画,あの日見た花の名前を僕達はまだ知らない。,,,,
1052,アニメ＆漫画,とある魔術の禁書目録,,,,
1053,アニメ＆漫画,とある科学の超電磁砲,,,,
1054,アニメ＆漫画,化物語,,,,
1055,アニメ＆漫画,Fate/staynight,,,,
1056,アニメ＆漫画,CLANNAD,,,,
1057,アニメ＆漫画,らき☆すた,,,,
1058,アニメ＆漫画,WORKING!!,,,,
1059,アニメ＆漫画,夏目友人帳,,,,
1060,アニメ＆漫画,弱虫ペダル,,,,
1061,アニメ＆漫画,東京喰種,,,,
1062,アニメ＆漫画,ワンパンマン,,,,
1063,アニメ＆漫画,僕だけがいない街,,,,
1064,アニメ＆漫画,月刊少女野崎くん,,,,
1065,アニメ＆漫画,斉木楠雄のΨ難,,,,
1066,アニメ＆漫画,モブサイコ100,,,,
1067,アニメ＆漫画,浦飯幽助,幽☆遊☆白書,,,
1068,アニメ＆漫画,桑原和真,幽☆遊☆白書,,,
1069,アニメ＆漫画,蔵馬,幽☆遊☆白書,,,
1070,アニメ＆漫画,飛影,幽☆遊☆白書,,,
1071,アニメ＆漫画,戸愚呂弟,幽☆遊☆白書,,,
1072,アニメ＆漫画,緋村剣心,るろうに剣心,,,
1073,アニメ＆漫画,神谷薫,るろうに剣心,,,
1074,アニメ＆漫画,相楽左之助,るろうに剣心,,,
1075,アニメ＆漫画,斎藤一,るろうに剣心,,,
1076,アニメ＆漫画,志々雄真実,るろうに剣心,,,
1077,アニメ＆漫画,鬼塚英吉,GTO,,,
1078,アニメ＆漫画,日暮かごめ,犬夜叉,,,
1079,アニメ＆漫画,殺生丸,犬夜叉,,,
1080,アニメ＆漫画,弥勒,犬夜叉,,,
1081,アニメ＆漫画,珊瑚,犬夜叉,,,
1082,アニメ＆漫画,七宝,犬夜叉,,,
1083,アニメ＆漫画,奈落,犬夜叉,,,
1084,アニメ＆漫画,八神太一,デジモンアドベンチャー,,,
1085,アニメ＆漫画,石田ヤマト,デジモンアドベンチャー,,,
1086,アニメ＆漫画,武之内空,デジモンアドベンチャー,,,
1087,アニメ＆漫画,泉光子郎,デジモンアドベンチャー,,,
1088,アニメ＆漫画,太刀川ミミ,デジモンアドベンチャー,,,
1089,アニメ＆漫画,城戸丈,デジモンアドベンチャー,,,
1090,アニメ＆漫画,高石タケル,デジモンアドベンチャー,,,
1091,アニメ＆漫画,八神ヒカリ,デジモンアドベンチャー,,,
1092,アニメ＆漫画,アグモン,デジモンアドベンチャー,,,
1093,アニメ＆漫画,ガブモン,デジモンアドベンチャー,,,
1094,アニメ＆漫画,春風どれみ,おジャ魔女どれみ,,,
1095,アニメ＆漫画,藤原はづき,おジャ魔女どれみ,,,
1096,アニメ＆漫画,妹尾あいこ,おジャ魔女どれみ,,,
1097,アニメ＆漫画,瀬川おんぷ,おジャ魔女どれみ,,,
1098,アニメ＆漫画,飛鳥ももこ,おジャ魔女どれみ,,,
1099,アニメ＆漫画,高嶺清麿,金色のガッシュ!!,,,
1100,アニメ＆漫画,ガッシュ・ベル,金色のガッシュ!!,,,
1101,アニメ＆漫画,ティオ,金色のガッシュ!!,,,
1102,アニメ＆漫画,大海恵,金色のガッシュ!!,,,
1103,アニメ＆漫画,キャンチョメ,金色のガッシュ!!,,,
1104,アニメ＆漫画,パルコ・フォルゴレ,金色のガッシュ!!,,,
1105,アニメ＆漫画,ブラゴ,金色のガッシュ!!,,,
1106,アニメ＆漫画,シェリー,金色のガッシュ!!,,,
1107,アニメ＆漫画,エドワード・エルリック,鋼の錬金術師,,,
1108,アニメ＆漫画,アルフォンス・エルリック,鋼の錬金術師,,,
1109,アニメ＆漫画,ロイ・マスタング,鋼の錬金術師,,,
1110,アニメ＆漫画,リザ・ホークアイ,鋼の錬金術師,,,
1111,アニメ＆漫画,ウィンリィ・ロックベル,鋼の錬金術師,,,
1112,アニメ＆漫画,大崎ナナ,NANA,,,
1113,アニメ＆漫画,小松奈々,NANA,,,
1114,アニメ＆漫画,夜神月,DEATH NOTE,,,
1115,アニメ＆漫画,L,DEATH NOTE,,,
1116,アニメ＆漫画,弥海砂,DEATH NOTE,,,
1117,アニメ＆漫画,リューク,DEATH NOTE,,,
1118,アニメ＆漫画,ゴン,HUNTER×HUNTER,,,
1119,アニメ＆漫画,キルア,HUNTER×HUNTER,,,
1120,アニメ＆漫画,クラピカ,HUNTER×HUNTER,,,
1121,アニメ＆漫画,レオリオ,HUNTER×HUNTER,,,
1122,アニメ＆漫画,ヒソカ,HUNTER×HUNTER,,,
1123,アニメ＆漫画,クロロ,HUNTER×HUNTER,,,
1124,アニメ＆漫画,ネテロ,HUNTER×HUNTER,,,
1125,アニメ＆漫画,メルエム,HUNTER×HUNTER,,,
1126,アニメ＆漫画,黒崎一護,BLEACH,,,
1127,アニメ＆漫画,朽木ルキア,BLEACH,,,
1128,アニメ＆漫画,井上織姫,BLEACH,,,
1129,アニメ＆漫画,石田雨竜,BLEACH,,,
1130,アニメ＆漫画,阿散井恋次,BLEACH,,,
1131,アニメ＆漫画,朽木白哉,BLEACH,,,
1132,アニメ＆漫画,日番谷冬獅郎,BLEACH,,,
1133,アニメ＆漫画,藍染惣右介,BLEACH,,,
1134,アニメ＆漫画,坂田銀時,銀魂,,,
1135,アニメ＆漫画,志村新八,銀魂,,,
1136,アニメ＆漫画,神楽,銀魂,,,
1137,アニメ＆漫画,土方十四郎,銀魂,,,
1138,アニメ＆漫画,沖田総悟,銀魂,,,
1139,アニメ＆漫画,桂小太郎,銀魂,,,
1140,アニメ＆漫画,高杉晋助,銀魂,,,
1141,アニメ＆漫画,麻倉葉,シャーマンキング,,,
1142,アニメ＆漫画,恐山アンナ,シャーマンキング,,,
1143,アニメ＆漫画,道蓮,シャーマンキング,,,
1144,アニメ＆漫画,ホロホロ,シャーマンキング,,,
1145,アニメ＆漫画,ハオ,シャーマンキング,,,
1146,アニメ＆漫画,越前リョーマ,テニスの王子様,,,
1147,アニメ＆漫画,手塚国光,テニスの王子様,,,
1148,アニメ＆漫画,不二周助,テニスの王子様,,,
1149,アニメ＆漫画,跡部景吾,テニスの王子様,,,
1150,アニメ＆漫画,進藤ヒカル,ヒカルの碁,,,
1151,アニメ＆漫画,藤原佐為,ヒカルの碁,,,
1152,アニメ＆漫画,塔矢アキラ,ヒカルの碁,,,
1153,アニメ＆漫画,小早川瀬那,アイシールド21,,,
1154,アニメ＆漫画,蛭魔妖一,アイシールド21,,,
1155,アニメ＆漫画,栗田良寛,アイシールド21,,,
1156,アニメ＆漫画,沢田綱吉,家庭教師ヒットマンREBORN!,,,
1157,アニメ＆漫画,リボーン,家庭教師ヒットマンREBORN!,,,
1158,アニメ＆漫画,獄寺隼人,家庭教師ヒットマンREBORN!,,,
1159,アニメ＆漫画,山本武,家庭教師ヒットマンREBORN!,,,
1160,アニメ＆漫画,雲雀恭弥,家庭教師ヒットマンREBORN!,,,
1161,アニメ＆漫画,六道骸,家庭教師ヒットマンREBORN!,,,
1162,アニメ＆漫画,ルルーシュ,コードギアス,,,
1163,アニメ＆漫画,C.C.,コードギアス,,,
1164,アニメ＆漫画,枢木スザク,コードギアス,,,
1165,アニメ＆漫画,カレン,コードギアス,,,
1166,アニメ＆漫画,鹿目まどか,魔法少女まどか☆マギカ,,,
1167,アニメ＆漫画,暁美ほむら,魔法少女まどか☆マギカ,,,
1168,アニメ＆漫画,巴マミ,魔法少女まどか☆マギカ,,,
1169,アニメ＆漫画,美樹さやか,魔法少女まどか☆マギカ,,,
1170,アニメ＆漫画,佐倉杏子,魔法少女まどか☆マギカ,,,
1171,アニメ＆漫画,キュゥべえ,魔法少女まどか☆マギカ,,,
1172,アニメ＆漫画,キリト,ソードアート・オンライン,,,
1173,アニメ＆漫画,アスナ,ソードアート・オンライン,,,
1174,アニメ＆漫画,シノン,ソードアート・オンライン,,,
1175,アニメ＆漫画,リーファ,ソードアート・オンライン,,,
1176,アニメ＆漫画,桜木花道,SLAM DUNK,,,
1177,アニメ＆漫画,竈門炭治郎,鬼滅の刃,,,
1178,アニメ＆漫画,ロビン,ONE PIECE,,,
1179,アニメ＆漫画,エース,ONE PIECE,,,
1180,アニメ＆漫画,ロー,ONE PIECE,,,
1181,アニメ＆漫画,碇シンジ,新世紀エヴァンゲリオン,,,
1182,アニメ＆漫画,綾波レイ,新世紀エヴァンゲリオン,,,
1183,アニメ＆漫画,アスカ,新世紀エヴァンゲリオン,,,
1184,アニメ＆漫画,涼宮ハルヒ,涼宮ハルヒの憂鬱,,,
1185,アニメ＆漫画,日向翔陽,ハイキュー!!,,,
1186,アニメ＆漫画,影山飛雄,ハイキュー!!,,,
1187,アニメ＆漫画,アーニャ・フォージャー,SPY×FAMILY,,,
1188,アニメ＆漫画,フリーレン,葬送のフリーレン,,,
1189,アニメ＆漫画,猫猫,薬屋のひとりごと,,,
1190,アニメ＆漫画,デンジ,チェンソーマン,,,
1191,アニメ＆漫画,マキマ,チェンソーマン,,,
1192,アニメ＆漫画,宇髄天元,鬼滅の刃,,,
1193,アニメ＆漫画,時透無一郎,鬼滅の刃,,,
1194,アニメ＆漫画,甘露寺蜜璃,鬼滅の刃,,,
1195,アニメ＆漫画,猗窩座,鬼滅の刃,,,
1196,アニメ＆漫画,童磨,鬼滅の刃,,,
1197,アニメ＆漫画,黒死牟,鬼滅の刃,,,
1198,アニメ＆漫画,虎杖悠仁,呪術廻戦,,,
1199,アニメ＆漫画,伏黒恵,呪術廻戦,,,
1200,アニメ＆漫画,釘崎野薔薇,呪術廻戦,,,
1201,アニメ＆漫画,両面宿儺,呪術廻戦,,,
1202,アニメ＆漫画,夏油傑,呪術廻戦,,,
1203,アニメ＆漫画,乙骨憂太,呪術廻戦,,,
1204,アニメ＆漫画,七海建人,呪術廻戦,,,
1205,アニメ＆漫画,ロイド・フォージャー,SPY×FAMILY,,,
1206,アニメ＆漫画,ヨル・フォージャー,SPY×FAMILY,,,
1207,アニメ＆漫画,星野アイ,【推しの子】,,,
1208,アニメ＆漫画,星野アクア,【推しの子】,,,
1209,アニメ＆漫画,星野ルビー,【推しの子】,,,
1210,アニメ＆漫画,有馬かな,【推しの子】,,,
1211,アニメ＆漫画,フェルン,葬送のフリーレン,,,
1212,アニメ＆漫画,ライチュウ,ポケットモンスター,,,
1213,アニメ＆漫画,シュタルク,葬送のフリーレン,,,
1214,アニメ＆漫画,ヒンメル,葬送のフリーレン,,,
1215,アニメ＆漫画,うずまきナルト,NARUTO,,,
1216,アニメ＆漫画,うちはサスケ,NARUTO,,,
1217,アニメ＆漫画,春野サクラ,NARUTO,,,
1218,アニメ＆漫画,はたけカカシ,NARUTO,,,
1219,アニメ＆漫画,我愛羅,NARUTO,,,
1220,アニメ＆漫画,うちはイタチ,NARUTO,,,
1221,アニメ＆漫画,ピッピ,ポケットモンスター,,,
1222,アニメ＆漫画,流川楓,SLAM DUNK,,,
1223,アニメ＆漫画,ロコン,ポケットモンスター,,,
1224,アニメ＆漫画,赤木剛憲,SLAM DUNK,,,
1225,アニメ＆漫画,三井寿,SLAM DUNK,,,
1226,アニメ＆漫画,宮城リョータ,SLAM DUNK,,,
1227,アニメ＆漫画,月野うさぎ,美少女戦士セーラームーン,,,
1228,アニメ＆漫画,水野亜美,美少女戦士セーラームーン,,,
1229,アニメ＆漫画,火野レイ,美少女戦士セーラームーン,,,
1230,アニメ＆漫画,木野まこと,美少女戦士セーラームーン,,,
1231,アニメ＆漫画,愛野美奈子,美少女戦士セーラームーン,,,
1232,アニメ＆漫画,惣流・アスカ・ラングレー,新世紀エヴァンゲリオン,,,
1233,アニメ＆漫画,渚カヲル,新世紀エヴァンゲリオン,,,
1234,アニメ＆漫画,葛城ミサト,新世紀エヴァンゲリオン,,,
1235,アニメ＆漫画,緑谷出久,僕のヒーローアカデミア,,,
1236,アニメ＆漫画,爆豪勝己,僕のヒーローアカデミア,,,
1237,アニメ＆漫画,轟焦凍,僕のヒーローアカデミア,,,
1238,アニメ＆漫画,オールマイト,僕のヒーローアカデミア,,,
1239,アニメ＆漫画,エレン・イェーガー,進撃の巨人,,,
1240,アニメ＆漫画,ミカサ・アッカーマン,進撃の巨人,,,
1241,アニメ＆漫画,アルミン・アルレルト,進撃の巨人,,,
1242,アニメ＆漫画,リヴァイ,進撃の巨人,,,
1243,アニメ＆漫画,ゴン＝フリークス,HUNTER×HUNTER,,,
1244,アニメ＆漫画,キルア＝ゾルディック,HUNTER×HUNTER,,,
1245,アニメ＆漫画,野原しんのすけ,クレヨンしんちゃん,,,
1246,アニメ＆漫画,野原ひろし,クレヨンしんちゃん,,,
1247,アニメ＆漫画,野原みさえ,クレヨンしんちゃん,,,
1248,アニメ＆漫画,風間トオル,クレヨンしんちゃん,,,
1249,アニメ＆漫画,ぶりぶりざえもん,クレヨンしんちゃん,,,
1250,アニメ＆漫画,まる子,ちびまる子ちゃん,,,
1251,アニメ＆漫画,たまちゃん,ちびまる子ちゃん,,,
1252,アニメ＆漫画,花輪クン,ちびまる子ちゃん,,,
1253,アニメ＆漫画,木之本桜,カードキャプターさくら,,,
1254,アニメ＆漫画,ケルベロス,カードキャプターさくら,,,
1255,アニメ＆漫画,大道寺知世,カードキャプターさくら,,,
1256,アニメ＆漫画,則巻アラレ,Dr.スランプ,,,
1257,アニメ＆漫画,ケンシロウ,北斗の拳,,,
1258,アニメ＆漫画,ラオウ,北斗の拳,,,
1259,アニメ＆漫画,ロビンマスク,キン肉マン,,,
1260,アニメ＆漫画,大空翼,キャプテン翼,,,
1261,アニメ＆漫画,若林源三,キャプテン翼,,,
1262,アニメ＆漫画,上杉達也,タッチ,,,
1263,アニメ＆漫画,浅倉南,タッチ,,,
1264,アニメ＆漫画,冴羽獠,シティーハンター,,,
1265,アニメ＆漫画,槇村香,シティーハンター,,,
1266,アニメ＆漫画,ルパン三世,ルパン三世,,,
1267,アニメ＆漫画,次元大介,ルパン三世,,,
1268,アニメ＆漫画,峰不二子,ルパン三世,,,
1269,アニメ＆漫画,銭形警部,ルパン三世,,,
1270,ゲーム,鉄拳,,,,
1271,ゲーム,ファイナルファンタジーVII,,,,
1272,ゲーム,ドラゴンクエストV,,,,
1273,ゲーム,ペルソナ5,,,,
1274,ゲーム,ELDEN RING,,,,
1275,ゲーム,DARK SOULS,,,,
1276,ゲーム,UNDERTALE,,,,
1277,アニメ＆漫画,イワーク,ポケットモンスター,,,
1278,ゲーム,レイトン教授,,,,
1279,ゲーム,塊魂,,,,
1280,ゲーム,スプラトゥーン3,,,,
1281,ゲーム,マリオカート8 デラックス,,,,
1282,ゲーム,ゼルダの伝説 時のオカリナ,,,,
1283,ゲーム,ゼルダの伝説 ムジュラの仮面,,,,
1284,ゲーム,キノピオ,スーパーマリオ,,,
1285,ゲーム,ガノンドロフ,ゼルダの伝説,,,
1286,ゲーム,デデデ大王,星のカービィ,,,
1287,ゲーム,メタナイト,星のカービィ,,,
1288,ゲーム,ソニック,ソニック・ザ・ヘッジホッグ,,,
1289,ゲーム,テイルス,ソニック・ザ・ヘッジホッグ,,,
1290,ゲーム,ナックルズ,ソニック・ザ・ヘッジホッグ,,,
1291,ゲーム,クラウド・ストライフ,ファイナルファンタジーVII,,,
1292,ゲーム,セフィロス,ファイナルファンタジーVII,,,
1293,ゲーム,エアリス,ファイナルファンタジーVII,,,
1294,ゲーム,ティファ,ファイナルファンタジーVII,,,
1295,アニメ＆漫画,ラッキー,ポケットモンスター,,,
1296,ゲーム,ソリッド・スネーク,メタルギア,,,
1297,ゲーム,サムス・アラン,メトロイド,,,
1298,ゲーム,スライム,ドラゴンクエスト,,,
1299,ゲーム,レオン・S・ケネディ,バイオハザード,,,
1300,ゲーム,春麗,ストリートファイター,,,
1301,ゲーム,成歩堂龍一,逆転裁判,,,
1302,ゲーム,桐生一馬,龍が如く,,,
1303,ゲーム,しずえ,どうぶつの森,,,
1304,映画,ターミネーター2,,,,
1305,映画,トゥルーマン・ショー,,,,
1306,映画,オデッセイ,,,,
1307,映画,アルマゲドン,,,,
1308,映画,スピード,,,,
1309,映画,ベスト・キッド,,,,
1310,映画,ナイト ミュージアム,,,,
1311,アニメ＆漫画,シャワーズ,ポケットモンスター,,,
1312,アニメ＆漫画,サンダース,ポケットモンスター,,,
1313,アニメ＆漫画,ブースター,ポケットモンスター,,,
1314,映画,ハングオーバー!,,,,
1315,映画,天使にラブ・ソングを…,,,,
1316,映画,スクール・オブ・ロック,,,,
1317,映画,スタンド・バイ・ミー,,,,
1318,映画,マスク,,,,
1319,映画,ジュマンジ,,,,
1320,映画,キャッチ・ミー・イフ・ユー・キャン,,,,
1321,映画,グッド・ウィル・ハンティング,,,,
1322,映画,リトル・ミス・サンシャイン,,,,
1323,企業・ブランド,カルディ,,,,
1324,企業・ブランド,コストコ,,,,
1325,アニメ＆漫画,カイリュー,ポケットモンスター,,,
1326,企業・ブランド,丸亀製麺,,,,
1327,企業・ブランド,スシロー,,,,
1328,企業・ブランド,くら寿司,,,,
1329,企業・ブランド,セリア,,,,
1330,企業・ブランド,ロフト,,,,
1331,旅行＆スポット,富士急ハイランド,,,,
1332,旅行＆スポット,旭山動物園,,,,
1333,旅行＆スポット,沖縄美ら海水族館,,,,
1334,旅行＆スポット,軍艦島,,,,
1335,旅行＆スポット,高千穂峡,,,,
1336,飲食系,タピオカミルクティー,,,,
1337,飲食系,アサイーボウル,,,,
1338,飲食系,チーズタッカルビ,,,,
1339,飲食系,ローストビーフ丼,,,,
1340,飲食系,スープカレー,,,,
1341,飲食系,油そば,,,,
1342,飲食系,台湾まぜそば,,,,
1343,飲食系,生春巻き,,,,
1344,飲食系,ガパオライス,,,,
1345,飲食系,ナシゴレン,,,,
1346,アニメ＆漫画,ピチュー,ポケットモンスター,,,
1347,飲食系,フォー,,,,
1348,飲食系,チュロス,,,,
1349,飲食系,カヌレ,,,,
1350,飲食系,パンケーキ,,,,
1351,飲食系,カレー,,,,
1352,飲食系,ラーメン,,,,
1353,飲食系,寿司,,,,
1354,飲食系,焼肉,,,,
1355,飲食系,ピザ,,,,
1356,飲食系,ハンバーガー,,,,
1357,飲食系,パスタ,,,,
1358,飲食系,うどん,,,,
1359,飲食系,そば,,,,
1360,飲食系,餃子,,,,
1361,飲食系,チャーハン,,,,
1362,飲食系,お好み焼き,,,,
1363,飲食系,たこ焼き,,,,
1364,飲食系,天ぷら,,,,
1365,飲食系,唐揚げ,,,,
1366,飲食系,おにぎり,,,,
1367,飲食系,サンドイッチ,,,,
1368,飲食系,食パン,,,,
1369,飲食系,フランスパン,,,,
1370,飲食系,ケーキ,,,,
1371,飲食系,プリン,,,,
1372,飲食系,ドーナツ,,,,
1373,飲食系,アイスクリーム,,,,
1374,飲食系,チョコレート,,,,
1375,飲食系,クッキー,,,,
1376,飲食系,ポテトチップス,,,,
1377,飲食系,たい焼き,,,,
1378,飲食系,団子,,,,
1379,飲食系,大福,,,,
1380,飲食系,りんご,,,,
1381,飲食系,みかん,,,,
1382,飲食系,いちご,,,,
1383,飲食系,ぶどう,,,,
1384,飲食系,バナナ,,,,
1385,飲食系,桃,,,,
1386,飲食系,スイカ,,,,
1387,飲食系,メロン,,,,
1388,飲食系,梨,,,,
1389,飲食系,柿,,,,
1390,飲食系,パイナップル,,,,
1391,飲食系,レモン,,,,
1392,飲食系,トマト,,,,
1393,飲食系,きゅうり,,,,
1394,飲食系,キャベツ,,,,
1395,飲食系,にんじん,,,,
1396,飲食系,玉ねぎ,,,,
1397,飲食系,じゃがいも,,,,
1398,飲食系,さつまいも,,,,
1399,飲食系,とうもろこし,,,,
1400,飲食系,枝豆,,,,
1401,飲食系,納豆,,,,
1402,飲食系,豆腐,,,,
1403,飲食系,卵,,,,
1404,飲食系,牛乳,,,,
1405,飲食系,チーズ,,,,
1406,飲食系,ヨーグルト,,,,
1407,飲食系,コーヒー,,,,
1408,飲食系,紅茶,,,,
1409,飲食系,緑茶,,,,
1410,飲食系,コーラ,,,,
1411,飲食系,オレンジジュース,,,,
1412,飲食系,ビール,,,,
1413,飲食系,日本酒,,,,
1414,飲食系,ワイン,,,,
1415,飲食系,ハンバーグ,,,,
1416,飲食系,オムライス,,,,
1417,飲食系,グラタン,,,,
1418,飲食系,シチュー,,,,
1419,飲食系,麻婆豆腐,,,,
1420,飲食系,エビフライ,,,,
1421,飲食系,とんかつ,,,,
1422,飲食系,焼きそば,,,,
1423,飲食系,焼き鳥,,,,
1424,飲食系,牛丼,,,,
1425,飲食系,親子丼,,,,
1426,飲食系,カツ丼,,,,
1427,飲食系,ちらし寿司,,,,
1428,飲食系,刺身,,,,
1429,飲食系,しゃぶしゃぶ,,,,
1430,飲食系,すき焼き,,,,
1431,飲食系,鍋料理,,,,
1432,飲食系,カップラーメン,,,,
1433,飲食系,ホットドッグ,,,,
1434,飲食系,フライドポテト,,,,
1435,飲食系,パフェ,,,,
1436,飲食系,クレープ,,,,
1437,飲食系,ホットケーキ,,,,
1438,飲食系,シュークリーム,,,,
1439,飲食系,バウムクーヘン,,,,
1440,飲食系,カステラ,,,,
1441,飲食系,ゼリー,,,,
1442,飲食系,かき氷,,,,
1443,飲食系,ガム,,,,
1444,飲食系,キャンディ,,,,
1445,飲食系,マシュマロ,,,,
1446,飲食系,梅干し,,,,
1447,飲食系,味噌汁,,,,
1448,飲食系,漬物,,,,
1449,飲食系,目玉焼き,,,,
1450,飲食系,ウインナー,,,,
1451,飲食系,ベーコン,,,,
1452,飲食系,揚げパン,,,,
1453,飲食系,ソフト麺,,,,
1454,飲食系,ミルメーク,,,,
1455,飲食系,冷凍みかん,,,,
1456,飲食系,ラジオ体操,,,,
1457,飲食系,修学旅行,,,,
1458,飲食系,席替え,,,,
1459,飲食系,掃除当番,,,,
1460,飲食系,給食当番,,,,
1461,飲食系,チキンラーメン,,,,
1462,飲食系,ポカリスエット,,,,
1463,飲食系,アクエリアス,,,,
1464,飲食系,カルピス,,,,
1465,飲食系,ファンタ,,,,
1466,飲食系,オロナミンC,,,,
1467,飲食系,ポッキー,,,,
1468,飲食系,プリッツ,,,,
1469,飲食系,じゃがりこ,,,,
1470,飲食系,うまい棒,,,,
1471,飲食系,チョコボール,,,,
1472,飲食系,カントリーマアム,,,,
1473,飲食系,ハッピーターン,,,,
1474,飲食系,赤いきつね,,,,
1475,飲食系,緑のたぬき,,,,
1476,飲食系,ペヤング,,,,
1477,飲食系,雪見だいふく,,,,
1478,飲食系,ピノ,,,,
1479,飲食系,パピコ,,,,
1480,飲食系,ロッテリア,,,,
1481,飲食系,ドトール,,,,
1482,飲食系,サーティワン,,,,
1483,飲食系,コメダ珈琲店,,,,
1484,飲食系,ミニストップ,,,,
1485,飲食系,イトーヨーカドー,,,,
1486,飲食系,GU,,,,
1487,飲食系,Sony,,,,
1488,飲食系,Panasonic,,,,
1489,飲食系,SEGA,,,,
1490,飲食系,CAPCOM,,,,
1491,飲食系,リポビタンD,,,,
1492,飲食系,ヤクルト,,,,
1493,飲食系,キットカット,,,,
1494,飲食系,カップヌードル,,,,
1495,飲食系,アボカド,,,,
1496,飲食系,アスパラガス,,,,
1497,飲食系,オクラ,,,,
1498,飲食系,かぼちゃ,,,,
1499,飲食系,ごぼう,,,,
1500,飲食系,里芋,,,,
1501,飲食系,大根,,,,
1502,飲食系,長ねぎ,,,,
1503,飲食系,白菜,,,,
1504,飲食系,ほうれん草,,,,
1505,飲食系,小松菜,,,,
1506,飲食系,レタス,,,,
1507,飲食系,ピーマン,,,,
1508,飲食系,パプリカ,,,,
1509,飲食系,なす,,,,
1510,飲食系,れんこん,,,,
1511,飲食系,もやし,,,,
1512,飲食系,にら,,,,
1513,飲食系,セロリ,,,,
1514,飲食系,ブロッコリー,,,,
1515,飲食系,カリフラワー,,,,
1516,飲食系,にんにく,,,,
1517,飲食系,しょうが,,,,
1518,飲食系,しそ,,,,
1519,飲食系,みょうが,,,,
1520,飲食系,しいたけ,,,,
1521,飲食系,しめじ,,,,
1522,飲食系,えのき,,,,
1523,飲食系,エリンギ,,,,
1524,飲食系,まいたけ,,,,
1525,飲食系,キウイ,,,,
1526,飲食系,マンゴー,,,,
1527,飲食系,ブルーベリー,,,,
1528,飲食系,ラズベリー,,,,
1529,飲食系,グレープフルーツ,,,,
1530,飲食系,ザクロ,,,,
1531,飲食系,びわ,,,,
1532,飲食系,いちじく,,,,
1533,飲食系,ココナッツ,,,,
1534,飲食系,ドリアン,,,,
1535,飲食系,ライチ,,,,
1536,飲食系,パパイヤ,,,,
1537,飲食系,焼き芋,,,,
1538,飲食系,肉じゃが,,,,
1539,飲食系,筑前煮,,,,
1540,飲食系,きんぴらごぼう,,,,
1541,飲食系,ひじき,,,,
1542,飲食系,切り干し大根,,,,
1543,飲食系,茶碗蒸し,,,,
1544,飲食系,冷やし中華,,,,
1545,飲食系,そうめん,,,,
1546,飲食系,ちゃんぽん,,,,
1547,飲食系,皿うどん,,,,
1548,飲食系,もんじゃ焼き,,,,
1549,飲食系,明石焼き,,,,
1550,飲食系,きりたんぽ,,,,
1551,飲食系,ほうとう,,,,
1552,飲食系,讃岐うどん,,,,
1553,飲食系,きしめん,,,,
1554,飲食系,味噌煮込みうどん,,,,
1555,飲食系,博多ラーメン,,,,
1556,飲食系,札幌ラーメン,,,,
1557,飲食系,喜多方ラーメン,,,,
1558,飲食系,チキン南蛮,,,,
1559,飲食系,ジンギスカン,,,,
1560,飲食系,牛タン,,,,
1561,飲食系,もつ鍋,,,,
1562,飲食系,水炊き,,,,
1563,飲食系,ちゃんちゃん焼き,,,,
1564,飲食系,海鮮丼,,,,
1565,飲食系,天丼,,,,
1566,飲食系,中華丼,,,,
1567,飲食系,回鍋肉,,,,
1568,飲食系,青椒肉絲,,,,
1569,飲食系,酢豚,,,,
1570,飲食系,八宝菜,,,,
1571,飲食系,春巻き,,,,
1572,飲食系,小籠包,,,,
1573,飲食系,肉まん,,,,
1574,飲食系,あんまん,,,,
1575,飲食系,シュウマイ,,,,
1576,飲食系,エビチリ,,,,
1577,飲食系,棒棒鶏,,,,
1578,飲食系,担々麺,,,,
1579,飲食系,冷麺,,,,
1580,飲食系,ビビンバ,,,,
1581,飲食系,キムチ,,,,
1582,飲食系,チヂミ,,,,
1583,飲食系,ハヤシライス,,,,
1584,飲食系,ドリア,,,,
1585,飲食系,ラザニア,,,,
1586,飲食系,カルボナーラ,,,,
1587,飲食系,ナポリタン,,,,
1588,飲食系,ペペロンチーノ,,,,
1589,飲食系,ミートソース,,,,
1590,飲食系,マルゲリータ,,,,
1591,飲食系,シーザーサラダ,,,,
1592,飲食系,ロールキャベツ,,,,
1593,飲食系,コロッケ,,,,
1594,飲食系,メンチカツ,,,,
1595,飲食系,チキンカツ,,,,
1596,飲食系,カキフライ,,,,
1597,飲食系,アジフライ,,,,
1598,飲食系,フレンチトースト,,,,
1599,飲食系,ワッフル,,,,
1600,飲食系,ティラミス,,,,
1601,飲食系,モンブラン,,,,
1602,飲食系,ショートケーキ,,,,
1603,飲食系,チーズケーキ,,,,
1604,飲食系,ガトーショコラ,,,,
1605,飲食系,アップルパイ,,,,
1606,飲食系,エクレア,,,,
1607,飲食系,マカロン,,,,
1608,飲食系,スイートポテト,,,,
1609,飲食系,どら焼き,,,,
1610,飲食系,ようかん,,,,
1611,飲食系,最中,,,,
1612,飲食系,わらび餅,,,,
1613,飲食系,みたらし団子,,,,
1614,飲食系,ぜんざい,,,,
1615,飲食系,あんみつ,,,,
1616,飲食系,ところてん,,,,
1617,飲食系,ラムネ,,,,
1618,飲食系,サイダー,,,,
1619,飲食系,麦茶,,,,
1620,飲食系,ウーロン茶,,,,
1621,飲食系,ココア,,,,
1622,飲食系,カフェオレ,,,,
1623,飲食系,焼き餃子,,,,
1624,飲食系,焼き野菜,,,,
1625,飲食系,焼き魚,,,,
1626,生き物,犬,,,,
1627,生き物,猫,,,,
1628,生き物,ライオン,,,,
1629,生き物,トラ,,,,
1630,生き物,ゾウ,,,,
1631,生き物,キリン,,,,
1632,生き物,パンダ,,,,
1633,生き物,コアラ,,,,
1634,生き物,ペンギン,,,,
1635,生き物,イルカ,,,,
1636,生き物,クジラ,,,,
1637,生き物,サメ,,,,
1638,生き物,カメ,,,,
1639,生き物,ウサギ,,,,
1640,生き物,ハムスター,,,,
1641,生き物,リス,,,,
1642,生き物,キツネ,,,,
1643,生き物,タヌキ,,,,
1644,生き物,オオカミ,,,,
1645,生き物,クマ,,,,
1646,生き物,シカ,,,,
1647,生き物,ウマ,,,,
1648,生き物,ウシ,,,,
1649,生き物,ヒツジ,,,,
1650,生き物,ヤギ,,,,
1651,生き物,ブタ,,,,
1652,生き物,サル,,,,
1653,生き物,ゴリラ,,,,
1654,生き物,チンパンジー,,,,
1655,生き物,カンガルー,,,,
1656,生き物,カバ,,,,
1657,生き物,サイ,,,,
1658,生き物,シマウマ,,,,
1659,生き物,ラクダ,,,,
1660,生き物,アルパカ,,,,
1661,生き物,ナマケモノ,,,,
1662,生き物,カワウソ,,,,
1663,生き物,アザラシ,,,,
1664,生き物,ラッコ,,,,
1665,生き物,ハリネズミ,,,,
1666,生き物,モグラ,,,,
1667,生き物,ネズミ,,,,
1668,生き物,コウモリ,,,,
1669,生き物,フクロウ,,,,
1670,生き物,ワシ,,,,
1671,生き物,タカ,,,,
1672,生き物,ハト,,,,
1673,生き物,スズメ,,,,
1674,生き物,カラス,,,,
1675,生き物,ニワトリ,,,,
1676,生き物,ヒヨコ,,,,
1677,生き物,アヒル,,,,
1678,生き物,ガチョウ,,,,
1679,生き物,クジャク,,,,
1680,生き物,フラミンゴ,,,,
1681,生き物,ダチョウ,,,,
1682,生き物,ツバメ,,,,
1683,生き物,カモメ,,,,
1684,生き物,インコ,,,,
1685,生き物,オウム,,,,
1686,生き物,カエル,,,,
1687,生き物,イモリ,,,,
1688,生き物,ヤモリ,,,,
1689,生き物,ヘビ,,,,
1690,生き物,ワニ,,,,
1691,生き物,トカゲ,,,,
1692,生き物,カメレオン,,,,
1693,生き物,金魚,,,,
1694,生き物,メダカ,,,,
1695,生き物,マグロ,,,,
1696,生き物,カツオ,,,,
1697,生き物,サケ,,,,
1698,生き物,フグ,,,,
1699,生き物,タコ,,,,
1700,生き物,イカ,,,,
1701,生き物,エビ,,,,
1702,生き物,カニ,,,,
1703,生き物,クラゲ,,,,
1704,生き物,ヒトデ,,,,
1705,生き物,ウニ,,,,
1706,生き物,貝,,,,
1707,生き物,カブトムシ,,,,歌手：aiko
1708,生き物,クワガタ,,,,
1709,生き物,セミ,,,,
1710,生き物,バッタ,,,,
1711,生き物,カマキリ,,,,
1712,生き物,チョウ,,,,
1713,生き物,トンボ,,,,
1714,生き物,ホタル,,,,
1715,生き物,アリ,,,,
1716,生き物,ハチ,,,,
1717,生き物,テントウムシ,,,,
1718,生き物,ダンゴムシ,,,,
1719,生き物,ミミズ,,,,
1720,生き物,カタツムリ,,,,
1721,生き物,アジ,,,,
1722,生き物,イワシ,,,,
1723,生き物,サバ,,,,
1724,生き物,サンマ,,,,
1725,生き物,ブリ,,,,
1726,生き物,ハマチ,,,,
1727,生き物,ヒラメ,,,,
1728,生き物,カレイ,,,,
1729,生き物,アナゴ,,,,
1730,生き物,ウナギ,,,,
1731,生き物,シシャモ,,,,
1732,生き物,ワカサギ,,,,
1733,生き物,カジキ,,,,
1734,生き物,カンパチ,,,,
1735,生き物,ノドグロ,,,,
1736,生き物,ホッケ,,,,
1737,生き物,アンコウ,,,,
1738,生き物,シラス,,,,
1739,生き物,タラ,,,,
1740,生き物,イクラ,,,,
1741,生き物,数の子,,,,
1742,生き物,ホタテ,,,,
1743,生き物,アサリ,,,,
1744,生き物,シジミ,,,,
1745,生き物,ハマグリ,,,,
1746,生き物,牡蠣,,,,
1747,生き物,サザエ,,,,
1748,生き物,アワビ,,,,
1749,生き物,伊勢海老,,,,
1750,生き物,甘エビ,,,,
1751,生き物,桜エビ,,,,
1752,生き物,ズワイガニ,,,,
1753,生き物,タラバガニ,,,,
1754,生き物,毛ガニ,,,,
1755,生き物,バラ,,,,
1756,生き物,チューリップ,,,,
1757,生き物,ひまわり,,,,
1758,生き物,あじさい,,,,
1759,生き物,朝顔,,,,
1760,生き物,コスモス,,,,
1761,生き物,タンポポ,,,,
1762,生き物,カーネーション,,,,
1763,生き物,ユリ,,,,
1764,生き物,菊,,,,
1765,生き物,梅,,,,
1766,生き物,藤,,,,
1767,生き物,牡丹,,,,
1768,生き物,椿,,,,
1769,生き物,ラベンダー,,,,
1770,生き物,ハイビスカス,,,,
1771,生き物,スイセン,,,,
1772,生き物,パンジー,,,,
1773,生き物,スミレ,,,,
1774,生き物,クローバー,,,,
1775,生き物,サボテン,,,,
1776,生き物,竹,,,,
1777,生き物,松,,,,
1778,生き物,杉,,,,
1779,生き物,イチョウ,,,,
1780,生き物,もみじ,,,,
1781,生き物,柳,,,,
1782,生き物,ヤシの木,,,,
1783,職業,医師,,,,
1784,職業,看護師,,,,
1785,職業,歯科医師,,,,
1786,職業,薬剤師,,,,
1787,職業,教師,,,,
1788,職業,保育士,,,,
1789,職業,警察官,,,,
1790,職業,消防士,,,,
1791,職業,救急救命士,,,,
1792,職業,自衛官,,,,
1793,職業,弁護士,,,,
1794,職業,裁判官,,,,
1795,職業,検察官,,,,
1796,職業,料理人,,,,
1797,職業,パティシエ,,,,
1798,職業,美容師,,,,
1799,職業,理容師,,,,
1800,職業,大工,,,,
1801,職業,建築士,,,,
1802,職業,電気工事士,,,,
1803,職業,配管工,,,,
1804,職業,整備士,,,,
1805,職業,運転手,,,,
1806,職業,タクシー運転手,,,,
1807,職業,バス運転手,,,,
1808,職業,パイロット,,,,
1809,職業,客室乗務員,,,,
1810,職業,駅員,,,,
1811,職業,車掌,,,,
1812,職業,船長,,,,
1813,職業,漁師,,,,
1814,職業,農家,,,,
1815,職業,花屋,,,,
1816,職業,店員,,,,
1817,職業,コンビニ店員,,,,
1818,職業,スーパー店員,,,,
1819,職業,銀行員,,,,
1820,職業,郵便局員,,,,
1821,職業,宅配便ドライバー,,,,
1822,職業,漫画家,,,,
1823,職業,小説家,,,,
1824,職業,作家,,,,
1825,職業,編集者,,,,
1826,職業,記者,,,,
1827,職業,カメラマン,,,,
1828,職業,アナウンサー,,,,
1829,職業,俳優,,,,
1830,職業,女優,,,,
1831,職業,声優,,,,
1832,職業,歌手,,,,
1833,職業,芸人,,,,
1834,職業,YouTuber,,,,
1835,職業,ゲーム実況者,,,,
1836,職業,スポーツ選手,,,,
1837,職業,野球選手,,,,
1838,職業,サッカー選手,,,,
1839,職業,プロレスラー,,,,
1840,職業,力士,,,,
1841,職業,騎手,,,,
1842,職業,宇宙飛行士,,,,
1843,職業,科学者,,,,
1844,職業,研究者,,,,
1845,職業,プログラマー,,,,
1846,職業,デザイナー,,,,
1847,ゲーム,FallGuys,,,,
1848,ゲーム,原神,,,,
1849,ゲーム,崩壊：スターレイル,,,,
1850,ゲーム,テトリス,,,,
1851,ゲーム,パックマン,,,,
1852,ゲーム,スペースインベーダー,,,,
1853,ゲーム,ボンバーマン,,,,
1854,ゲーム,桃太郎電鉄,,,,分類：ゲームシリーズ
1855,ゲーム,人生ゲーム,,,,
1856,ゲーム,太鼓の達人,,,,
1857,ゲーム,ビートマニア,,,,
1858,ゲーム,ダンスダンスレボリューション,,,,
1859,企業・ブランド,トヨタ,,,,
1860,企業・ブランド,ホンダ,,,,
1861,企業・ブランド,日産,,,,
1862,企業・ブランド,スバル,,,,
1863,企業・ブランド,マツダ,,,,
1864,企業・ブランド,スズキ,,,,
1865,企業・ブランド,ダイハツ,,,,
1866,企業・ブランド,レクサス,,,,
1867,企業・ブランド,ソニー,,,,
1868,企業・ブランド,任天堂,,,,
1869,企業・ブランド,パナソニック,,,,
1870,企業・ブランド,シャープ,,,,
1871,企業・ブランド,東芝,,,,
1872,企業・ブランド,日立,,,,
1873,企業・ブランド,キヤノン,,,,
1874,企業・ブランド,ニコン,,,,
1875,企業・ブランド,富士フイルム,,,,
1876,企業・ブランド,カシオ,,,,
1877,企業・ブランド,セイコー,,,,
1878,企業・ブランド,ヤマハ,,,,
1879,企業・ブランド,ユニクロ,,,,
1880,企業・ブランド,無印良品,,,,
1881,企業・ブランド,ニトリ,,,,
1882,企業・ブランド,サンリオ,,,,
1883,企業・ブランド,バンダイ,,,,
1884,企業・ブランド,タカラトミー,,,,
1885,企業・ブランド,カプコン,,,,
1886,企業・ブランド,セガ,,,,
1887,企業・ブランド,スクウェア・エニックス,,,,
1888,企業・ブランド,コナミ,,,,
1889,企業・ブランド,集英社,,,,
1890,企業・ブランド,講談社,,,,
1891,企業・ブランド,小学館,,,,
1892,企業・ブランド,KADOKAWA,,,,
1893,企業・ブランド,Apple,,,,
1894,企業・ブランド,Google,,,,
1895,企業・ブランド,Microsoft,,,,
1896,企業・ブランド,Amazon,,,,
1897,企業・ブランド,Meta,,,,
1898,企業・ブランド,Netflix,,,,
1899,企業・ブランド,Spotify,,,,
1900,企業・ブランド,YouTube,,,,
1901,企業・ブランド,Instagram,,,,
1902,企業・ブランド,TikTok,,,,
1903,企業・ブランド,X,,,,
1904,企業・ブランド,LINE,,,,
1905,企業・ブランド,Nintendo,,,,
1906,企業・ブランド,PlayStation,,,,
1907,企業・ブランド,Xbox,,,,
1908,企業・ブランド,コカ・コーラ,,,,
1909,企業・ブランド,ペプシ,,,,
1910,企業・ブランド,マクドナルド,,,,
1911,企業・ブランド,ケンタッキーフライドチキン,,,,
1912,企業・ブランド,モスバーガー,,,,
1913,企業・ブランド,スターバックス,,,,
1914,企業・ブランド,ミスタードーナツ,,,,
1915,企業・ブランド,サーティワンアイスクリーム,,,,
1916,企業・ブランド,吉野家,,,,
1917,企業・ブランド,すき家,,,,
1918,企業・ブランド,松屋,,,,
1919,企業・ブランド,ガスト,,,,
1920,企業・ブランド,サイゼリヤ,,,,
1921,企業・ブランド,びっくりドンキー,,,,
1922,企業・ブランド,セブン-イレブン,,,,
1923,企業・ブランド,ローソン,,,,
1924,企業・ブランド,ファミリーマート,,,,
1925,企業・ブランド,イオン,,,,
1926,企業・ブランド,ドン・キホーテ,,,,
1927,企業・ブランド,ダイソー,,,,
1928,企業・ブランド,ヤマダデンキ,,,,
1929,企業・ブランド,ビックカメラ,,,,
1930,企業・ブランド,ヨドバシカメラ,,,,
1931,企業・ブランド,楽天,,,,
1932,企業・ブランド,メルカリ,,,,
1933,企業・ブランド,Nike,,,,
1934,企業・ブランド,adidas,,,,
1935,企業・ブランド,PUMA,,,,
1936,企業・ブランド,NewBalance,,,,
1937,企業・ブランド,Converse,,,,
1938,企業・ブランド,Vans,,,,
1939,企業・ブランド,GUCCI,,,,
1940,企業・ブランド,CHANEL,,,,
1941,企業・ブランド,LouisVuitton,,,,
1942,企業・ブランド,PRADA,,,,
1943,企業・ブランド,Rolex,,,,
1944,企業・ブランド,IKEA,,,,
1945,企業・ブランド,LEGO,,,,
1946,アニメ＆漫画,ミッキーマウス,,,,
1947,アニメ＆漫画,ミニーマウス,,,,
1948,アニメ＆漫画,ドナルドダック,,,,
1949,アニメ＆漫画,デイジーダック,,,,
1950,アニメ＆漫画,グーフィー,,,,
1951,アニメ＆漫画,プルート,,,,
1952,アニメ＆漫画,くまのプーさん,,,,
1953,アニメ＆漫画,ティガー,,,,
1954,アニメ＆漫画,スティッチ,,,,
1955,ゲーム,マリオ,,,,
1956,ゲーム,ルイージ,,,,
1957,ゲーム,ピーチ姫,,,,
1958,ゲーム,ヨッシー,,,,
1959,ゲーム,クッパ,,,,
1960,ゲーム,カービィ,,,,
1961,ゲーム,リンク,,,,
1962,ゲーム,ゼルダ姫,,,,
1963,アニメ＆漫画,ばいきんまん,アンパンマン,,,
1964,アニメ＆漫画,ドキンちゃん,アンパンマン,,,
1965,アニメ＆漫画,しょくぱんまん,アンパンマン,,,
1966,アニメ＆漫画,カレーパンマン,アンパンマン,,,
1967,アニメ＆漫画,ハローキティ,,,,
1968,アニメ＆漫画,マイメロディ,,,,
1969,アニメ＆漫画,クロミ,,,,
1970,アニメ＆漫画,シナモロール,,,,
1971,アニメ＆漫画,ポムポムプリン,,,,
1972,アニメ＆漫画,ポチャッコ,,,,
1973,アニメ＆漫画,ぐでたま,,,,
1974,アニメ＆漫画,リラックマ,,,,
1975,アニメ＆漫画,すみっコぐらし,,,,
1976,アニメ＆漫画,ちいかわ,,,,
1977,アニメ＆漫画,ハチワレ,,,,
1978,アニメ＆漫画,うさぎ,,,,
1979,アニメ＆漫画,ナルト,NARUTO -ナルト-,,,
1980,アニメ＆漫画,サスケ,,,,
1981,アニメ＆漫画,炭治郎,,,,
1982,アニメ＆漫画,禰豆子,,,,
1983,アニメ＆漫画,五条悟,呪術廻戦,,,
1984,アニメ＆漫画,コナン,,,,
1985,アニメ＆漫画,アムロ・レイ,,,,
1986,アニメ＆漫画,シャア・アズナブル,,,,
1987,アニメ＆漫画,エヴァンゲリオン初号機,,,,
1988,アニメ＆漫画,スヌーピー,,,,
1989,アニメ＆漫画,チャーリー・ブラウン,,,,
1990,アニメ＆漫画,トム,,,,
1991,アニメ＆漫画,ジェリー,,,,
1992,アニメ＆漫画,ミニオン,,,,
1993,アニメ＆漫画,スポンジ・ボブ,,,,
1994,音楽・アーティスト,サザンオールスターズ,,,音楽グループ・バンド,
1995,音楽・アーティスト,B'z,,,音楽グループ・バンド,
1996,音楽・アーティスト,Mr.Children,,,音楽グループ・バンド,
1997,音楽・アーティスト,スピッツ,,,音楽グループ・バンド,
1998,音楽・アーティスト,DREAMSCOMETRUE,,,音楽グループ・バンド,
1999,音楽・アーティスト,GLAY,,,音楽グループ・バンド,
2000,音楽・アーティスト,L'Arc〜en〜Ciel,,,音楽グループ・バンド,
